project_id,project_name,start_date,end_date,project_manager_id,budget
1,TPWLNCZGWOED,2017-09-30,2018-09-11,160,135569.35
2,TEWTFKVHKQFG,2019-04-06,2018-10-12,61,395113.98
3,IGAXRHEBMXBT,2015-10-27,2019-08-01,277,915690.36
4,LRXLZRIUXSPY,2015-05-19,2022-06-20,142,448139.91
5,OSIJVJHMOTFE,2015-12-25,2021-09-04,10,442053.33
6,RKWIUYKWMDTK,2017-04-15,2019-06-27,390,692828.92
7,YWUJWDJLVXDY,2019-03-03,2020-05-11,128,626112.38
8,FAMHFMEVWHEP,2019-06-16,2023-08-23,310,209722.11
9,MLWMRJCYSPDN,2020-06-05,2024-04-11,473,959804.32
10,MFMYQIIQPPNI,2018-07-27,2015-07-31,404,133073.93
11,JRDOMAJGYRXX,2021-12-05,2019-03-19,365,13742.37
12,QXMHIUSXZUOX,2017-06-27,2016-01-19,280,834014.89
13,SPVGOXIWJDIN,2018-02-08,2019-09-11,77,790716.4
14,MXYSBKFUSJUM,2022-12-23,2015-12-08,92,984834.51
15,FAJQOUYMIWFV,2020-12-26,2020-01-13,42,221309.65
16,EYPHBXNNGJSW,2017-09-22,2020-06-10,412,163178.21
17,HFHAQKJUZLJE,2021-10-18,2017-04-23,277,775722.25
18,LIYLFPHPIABI,2021-12-31,2023-07-07,13,438171.01
19,MDVJALIEPTQI,2021-05-09,2019-03-15,349,629162.65
20,TBNSSMYDCESC,2023-09-06,2016-02-24,108,781291.79
21,JJCIBKBKUSOC,2020-11-21,2022-08-30,302,914474.85
22,FETWFBRAQSMB,2018-05-22,2023-11-15,196,497835.5
23,TYYDIKQKNHAS,2019-11-20,2020-06-11,202,472765.02
24,KBFAFMJCWNVK,2022-09-10,2020-04-16,394,226160.49
25,DAQQGJKVTGFX,2022-10-05,2024-05-07,83,939841.11
26,KQLLZRUFCKCY,2015-06-14,2020-01-24,393,420025.8
27,FTTHRFPHMQFX,2017-09-25,2015-11-02,482,728716.8
28,VFAAVWFYKIZP,2022-01-11,2024-11-22,379,702844.99
29,EMOHZWGQWWQW,2018-07-31,2022-07-12,375,43432.21
30,YYHJOEBFELWB,2022-01-08,2017-05-18,21,404441.5
31,KAUXHGYXUFXT,2016-10-18,2022-01-28,123,929293.99
32,RAYMACGWPOHS,2022-04-14,2018-02-09,264,732812.12
33,MTDBRAMVKZOB,2021-01-20,2018-12-05,191,37994.38
34,BUHHMUAHWGLA,2020-03-24,2015-07-25,469,804628.46
35,QWVLYMGWBJPL,2020-08-08,2023-12-01,421,13414.52
36,MERJODTJEKMJ,,2024-06-15,279,562926.58
37,HVTMOJLPXIJM,,2016-05-10,284,61836.35
38,TWEBNWQPOVEU,,2024-06-12,205,384667.62
39,DVFSCKCNBCAY,,2023-07-16,351,44207.67
40,REFSIDTUOKRK,,2020-03-24,486,618219.05
41,PTRZFQESTSXZ,,2024-12-01,143,177771.06
42,UMXSHTHFQYEA,,2024-11-08,322,508389.13
43,HFVRBLDYRAPI,,2021-12-26,498,311193.13
44,JHQXQPRZMJGM,,2017-11-11,356,633872.75
45,UTUKPWYRZJZT,,2015-08-01,381,93966.2
46,CGCGVQCJIPMI,,2015-11-06,11,825850.67
47,OSLPCRPRANBE,2016-04-20,2022-06-01,338,643910.05
48,HOUNSGDNELWB,2017-09-03,2020-06-14,228,793174.55
49,PLRZBMGKTREJ,2018-04-22,2022-09-01,274,304536.06
50,HFWPMSVYDEDZ,2017-11-09,2015-09-29,277,63109.29
51,PAMULSXJOKAL,2020-05-14,2024-12-21,7,898828.79
52,SBCWRMNGYDAC,2016-07-11,2019-12-28,78,277546.15
53,EFROOMZRPDBF,2017-10-14,2023-03-05,201,678643.53
54,HTKJNANGNHVI,2019-05-25,2023-12-18,165,869856.73
55,GMFRMFEOQWBR,2017-06-01,2020-09-10,81,478510.4
56,WDTMZBEQKQYV,2021-01-03,2016-03-18,312,budget_large
57,KTBIKFSJLVFX,2016-10-27,2021-01-18,358,budget_large
58,MYNKWQGNMBPK,2022-04-21,2022-09-15,174,budget_large
59,OSUUBHHQZIVP,2019-11-07,2015-09-11,47,budget_large
60,XWMMTVPORPUD,2022-11-07,2016-06-04,498,budget_large
61,IRZNQBQYWPFY,2017-05-13,2017-09-03,462,budget_large
62,IGEZEIRHPREP,2016-08-04,2024-09-21,196,budget_large
63,UURERSOFMNDS,2023-05-29,2015-01-10,145,budget_large
64,HGPQIXVJKSYL,2016-11-25,2022-08-05,355,budget_large
65,IGBDJOKBVGMY,2018-06-05,2021-12-27,224,budget_large
66,OVNKGZQMCLID,2023-09-09,2022-10-03,364,budget_large
67,DTZBBCNDCTLB,2019-05-30,2019-05-03,308,410789.59
68,RBCZSHGFPTYJ,2018-05-24,2021-10-19,106,806801.75
69,GAPTEZJOAEOP,2021-09-20,2018-02-08,444,665736.14
70,ZVDGKGPXXHAR,2016-02-03,2015-06-02,105,363261.88
71,LWWLGWKLDXWT,2020-04-30,2019-07-17,370,848480.02
72,ATFRLWIANKLF,2016-12-15,2023-02-12,122,811476.89
73,DCVREKFJHSXJ,2016-12-04,2022-12-26,176,409504.6
74,WYROQBSAOJAL,2022-09-09,2023-09-09,370,955647.54
75,LLLJGXGEFPNN,2021-12-21,2022-09-01,214,269748.43
76,FAJBFSEQOGNG,2019-09-11,2020-01-31,68,417506.81
77,DDLWEKEBWQOU,2020-05-26,2018-04-29,103,80264.03
78,WWTHMLEAYPCU,2023-04-10,2019-10-19,29,577939.83
79,GUNUOJENEUIE,2015-03-23,2022-02-23,478,274593.13
80,HVNXKEMWGPJU,2016-08-26,2018-01-09,98,599062.48
81,MLSSEPBZDHNM,2020-05-24,2021-12-11,310,649231.98
82,TOSXMQNUPVKG,2019-09-07,2017-06-13,240,216777.12
83,YEWDABZVDXJH,2020-08-08,2018-01-16,154,527491.44
84,AMTFUTLPTDUK,2022-09-20,2023-12-10,135,225413.45
85,DXXGKSJFDYGD,2017-06-21,2015-04-14,436,591203.84
86,QCJJXXWCHVOB,2015-12-31,2023-09-03,11,772373.91
87,ZWBIINACTOBN,2015-06-12,2024-07-26,258,682597.22
88,QJLIPJIJUPWT,2023-07-17,2020-03-29,465,751075.99
89,LNROTNZDVIST,2022-01-02,2023-12-14,260,840256.43
90,QDTFQHFBADKF,2020-02-07,2023-05-31,461,710986.79
91,UWLOZFZEASUF,2015-04-26,2017-10-03,28,843692.41
92,XERCRVISJMYP,2023-03-08,2016-02-11,391,602175.35
93,OXTQIERSNHPX,2021-07-12,2018-11-02,394,86612.94
94,FAMINMSKYHWC,2017-05-30,2015-06-16,431,602754.68
95,DFUWGXYSNKKO,2022-08-16,2016-05-23,222,709005.05
96,HGQYRUYBKLKZ,2017-04-19,2019-07-20,250,432976.83
97,IJIMZYKFLGGU,2021-01-03,2021-06-18,22,593384.54
98,IPPWCCTDLXYU,2018-09-08,2024-07-21,259,624018.65
99,SDBMAHVRXSRC,2021-10-26,2017-02-01,369,321844.12
100,EICZCBAXUXVM,2022-11-24,2016-11-11,495,320446.87
101,GHVBPDMWEUNM,2017-11-02,2021-11-29,310,868107.66
102,FHKIEMLYHQVK,2017-07-31,2020-10-21,286,601243.24
103,YUWRFLSABWDZ,2019-09-21,2018-03-10,248,802431.34
104,DSHIIGMKYRRS,2021-05-23,2016-08-04,497,215461.77
105,HSXRJKIBVUKV,2022-07-30,2015-09-19,22,825310.59
106,MZUWLVTSRYTW,2018-02-11,2018-09-25,306,777326.78
107,EWEGCWIBDNMH,2021-12-02,2018-08-24,87,442153.42
108,FEAAJIPICUZF,2015-01-22,2021-04-11,22,224313.46
109,DRWTHKNPYFUT,2019-10-16,2019-03-19,348,140470.19
110,BZPHZLHAPZBV,2016-11-13,2024-05-01,367,230207.42
111,KMWOYVFGXWVR,2023-02-01,2024-12-25,61,594572.83
111,PKAFFVGABBUN,2020-01-08,2016-07-14,307,894256.41
111,XYAWTTUTRMPN,2021-06-25,2018-01-04,359,110414.98
111,OUWYKSERALIG,2015-05-06,2020-03-18,315,109835.86
111,MCYTEHGELSJT,2015-10-04,2015-06-24,48,721415.03
111,HZRQBEDYYBUT,2020-06-22,2020-11-26,277,589866.59
111,HETINVNNMPUJ,2018-05-12,2021-02-08,430,935214.76
111,CEUOGAXUUCBD,2021-02-19,2015-07-11,371,538330.78
111,EVNMYQAWULUU,2016-11-26,2015-03-06,422,654407.35
111,KEQMPSZTVYUO,2018-08-02,2023-03-30,355,663927.56
111,LIJXAEOARJIT,2015-02-26,2019-02-06,323,911127.21
122,AIMDCNTPMOOT,2023-11-09,2023-09-07,454,336248.86
123,DVUQGNLBCYRZ,2015-01-19,2019-04-17,145,295433.48
124,SVZHWZZJMTKA,2021-04-30,2022-12-21,444,933457.77
125,HECDNPCCZTID,2022-10-12,2018-02-25,114,235698.65
126,OPCBITTXCSYW,2015-04-23,2024-08-24,41,26120.8
127,OXRCKYIWCITD,2016-06-25,2020-04-21,48,702805.22
128,CYAXBVKCEYXG,2022-05-18,2016-01-04,103,190627.97
129,IEXSCVMSDTVR,2016-08-01,2017-04-30,349,455925.72
130,GKRWOSVMGLPK,2017-12-24,2015-02-12,439,743899.38
131,VHDZKPHQXSGP,2015-01-25,2020-03-22,467,987833.14
132,ACPTROVPZGSG,2019-04-22,2024-07-22,75,876920.9
133,GBBKZHCAFCSK,2020-08-10,2021-12-10,416,146095.96
134,ILDQDJZJNHRW,2023-02-06,2015-03-19,200,201177.47
135,DKERYGMHBAMB,2019-04-22,2022-11-13,194,595662.6
136,XBLHKWDHLAUN,2015-05-21,2019-12-30,52,535743.99
137,PJQLRHMKEFXA,2019-11-03,2018-07-17,50,916266.01
138,GMFYNYCSNRHR,2016-10-09,2016-11-04,172,939656.36
139,UTAOXGHVTROP,2021-02-13,2016-12-01,276,307169.5
140,UNEMNDATUKIM,2023-10-05,2017-01-28,142,828443.78
141,ETSLSHFKVPOC,2015-07-20,2020-04-07,284,929852.52
142,MFGBIMGIFYAB,2023-10-04,2022-08-07,174,169999.25
143,ODKBMNTCZOSF,2015-09-14,2024-04-09,288,403714.76
144,FJAAPDHPLFIG,2016-06-30,2023-02-20,25,466484.2
145,DUUNQTBRORSA,2021-02-19,2017-06-20,176,508975.56
146,VVFKICPYHLJJ,2022-07-13,2023-01-15,84,496778.22
147,LSACQAHEETTF,2023-09-11,2017-09-19,410,848772.3
148,FDLRFDDXFQWH,2017-03-12,2018-04-06,205,776607.73
149,REBXMAJNRXCT,2017-07-30,2021-07-14,124,531091.94
150,FDCFVGNORYYX,2016-02-18,2021-02-18,96,909903.5
151,XZXEZNOYLPUH,2020-07-07,2019-01-16,337,137480.19
152,GFTUAKJNYWCS,2018-10-13,2021-05-19,62,455748.71
153,XFSYCMXPTDNO,2018-01-03,2024-04-30,58,646530.42
154,GDXNPWGOINGI,2017-06-28,2016-01-25,305,652442.23
155,DELWFUFQNQBS,2015-07-07,2017-09-26,336,67230.49
156,OTIEHWATUURW,2020-07-08,2016-06-08,207,660691.84
157,SCETQCRMULXQ,2018-08-06,2024-01-25,17,972805.81
158,BQZADJJCXQTG,2020-09-23,2020-01-30,152,297221.87
159,CVPOMMXBETNU,2020-10-31,2019-02-15,233,394053.51
160,IMNMBBRXJQCS,2018-02-20,2016-10-20,409,58981.14
161,HDJDKUNZJBIE,2015-12-24,2022-07-26,351,700553.18
162,OSOBMKGPPLJZ,2019-04-01,2017-06-09,345,987575.13
163,UUYWNDBUYWGN,2017-12-25,2024-12-05,82,207929.23
164,XXTGTZQOMWGF,2023-03-03,2019-01-21,76,726103.28
165,SEQKGRDKRSNQ,2019-08-08,2023-08-27,10,579779.2
166,RHHAWTDSVLCY,2021-08-19,2023-09-02,161,376377.1
167,GMBKYQEYJHWE,2015-06-11,2016-03-27,116,312887.87
168,USJOEEWSRMIU,2023-12-04,2021-10-11,308,750117.47
169,WNYNXAFCGSNV,2021-06-27,2023-10-28,464,579204.86
170,HSDPSRIHQZHF,2016-03-25,2019-03-18,241,541115.35
171,FZVFNPWDSUUC,2019-02-06,2024-06-09,348,871142.02
172,SLMWDBZGCRMD,2017-11-02,2023-06-21,4,278308.43
173,QZBKABCTTMZZ,2021-02-09,2017-06-01,244,34256.4
174,CYWUSNAXFAVP,2020-11-28,2015-11-09,245,682653.66
175,IKOVNARIQMSV,2020-05-04,2017-04-19,488,520160.76
176,PYXXWRKPIXBP,2021-12-30,2022-01-10,140,689831.54
177,VWQOCHGNIADZ,2018-08-06,2023-12-22,187,627296.82
178,FVEFPDGHIBGA,2021-05-31,2016-01-10,365,571695.32
179,TSDNYBJAUGYL,2023-01-30,2016-03-26,143,798811.96
180,ZTNCTLWYYWBX,2018-05-23,2023-05-21,152,200869.77
181,JKPVTKRBYFYT,2017-08-31,2016-08-17,246,681488.05
182,GIBLOLCQMTQD,2016-09-23,2023-11-25,372,249027.46
183,FNGTBGXANLFH,2019-05-10,2018-05-18,358,13670.23
184,MROXDBGJSBRL,2017-11-16,2016-05-14,491,624686.53
185,SPBJOSUHEAZZ,2022-08-12,2016-04-08,405,919145.47
186,PETSQQTOJUHO,2019-05-08,2023-10-01,30,162623.64
187,PPSRZLXHNJJY,2021-06-26,2015-04-23,443,401021.75
188,GICANIQZFEEE,2023-02-08,2017-11-01,273,128136.9
189,UVHDZKOYKSZM,2019-08-21,2023-10-03,348,841016.59
190,KDTZALTIYSNF,2016-03-12,2024-12-15,457,68760.43
191,RPJGYDXTVZVX,2022-09-29,2021-07-06,348,881256.38
192,YXDDSPIOWDPJ,2019-04-06,2020-04-08,396,423009.03
193,RLGUJJKBVAML,2017-12-12,2024-03-08,71,390349.17
194,RRDENOZTGEGO,2018-07-28,2015-05-20,471,141084.39
195,GUINQBAYMFAW,2022-08-05,2018-11-25,328,107966.89
196,LKXBBVTNBRVI,2020-09-09,2023-01-28,459,329425.01
197,ZWBBNPHHPWIL,2021-07-12,2023-09-04,101,901859.68
198,UWNWYQQBJQHX,2015-07-02,2016-05-31,41,735130.35
199,LPKBYXSTKDDA,2023-06-22,2022-03-01,228,687539.98
200,UTMQMJBESPTG,2022-02-04,2020-05-01,385,412288.51
201,KNNBFFGYYISE,2019-01-09,2022-12-03,33,285005.22
202,IYCOCAWXECPA,2023-08-12,2023-08-07,149,504269.62
203,CTGNRDMOIDFB,2023-06-09,2020-12-05,200,927521.16
204,RHGBYWIDKNZC,2019-01-19,2017-06-06,382,947551.72
205,HZGFGCMCDMUR,2019-05-09,2023-07-28,38,329248.96
206,EEAECMVNEQGY,2019-05-07,2023-07-02,422,754091.8
207,KOIVURLTWGVG,2016-10-21,2018-09-03,317,364889.19
208,CNOZKIOLTMSO,2015-06-09,2015-02-19,294,498597.13
209,QKYDMBWMXNUW,2023-06-13,2024-09-30,174,108877.34
210,ATJDREFJRCKW,2023-11-24,2015-01-19,374,966402.08
211,JUOLCGOTNUEZ,2021-09-25,2016-12-26,125,262218.04
212,DOZTYONRGQOU,2017-10-08,2021-02-22,296,436643.86
213,WYDXWUYRFVLS,2015-02-22,2019-01-13,140,15663.66
214,SGZQHPVPOBCJ,2021-09-21,2022-02-19,216,61780.08
215,QNZTARCYGOLM,2022-12-04,2016-03-27,449,528537.15
216,OZEYLJCPSRLP,2017-11-11,2021-05-25,406,344202.7
217,MOWOLMVVDNFZ,2017-11-19,2018-03-10,249,789027.53
218,AQINKEQGBHAX,2022-07-13,2018-01-12,412,420775.65
219,JZJQROADHOUI,2021-04-26,2021-09-04,199,535644.94
220,JGYKPFJVHQQD,2018-05-13,2015-08-03,209,141464.49
221,NOHKWWFYYYIE,2023-07-28,2019-03-30,68,686460.42
222,CRINIZMXIEOK,2019-02-03,2021-03-12,447,363839.18
223,PWFNUJFZNOKJ,2022-09-24,2024-07-06,209,420575.95
224,YMGKWIPTUHGA,2019-01-29,2015-05-08,93,359371.22
225,HQWXVBVXPEFV,2017-11-01,2020-01-20,128,331845.15
226,IGUCJKCHCVFF,2020-05-04,2024-09-18,168,162367.19
227,EQFKSYCULIAQ,2017-04-29,2017-01-29,360,892856.37
228,YDWUHUCUEJNZ,2015-12-20,2021-09-17,389,862959.1
229,SNOPVTAJGNOT,2018-01-03,2023-06-28,296,267411.98
230,KXYOXUKYWPKT,2022-12-30,2019-12-21,193,772141.83
231,OHWDSNZXHQTK,2019-10-06,2021-07-13,473,592841.13
232,JWUVHNHPDCSZ,2019-01-04,2022-11-18,2,477586.34
233,AYABEHQPWBGQ,2017-09-17,2022-07-24,187,303145.04
234,VZDIIFIMNQLT,2018-06-18,2015-12-27,119,152283.09
235,RHHNQKQSDZRY,2023-05-24,2016-07-22,500,849549.79
236,KXUSHKTDVZSX,2020-02-28,2018-11-16,7,209699.32
237,HYBFVSVCDVDP,2023-10-31,2021-03-15,71,533990.83
238,WQQQBTXNKMFO,2019-12-15,2019-05-17,384,913027.85
239,INTKSREEJMGZ,2023-09-03,2019-08-20,197,998130.43
240,OGDEOADCVWTJ,2021-05-30,2015-07-21,38,26818.68
241,RGCBWSYQELFL,2021-03-06,2020-08-26,379,777776.19
242,SFOPEVAEEYXF,2018-01-16,2021-06-27,274,838132.42
243,KECLIWBHODXI,2017-03-28,2016-06-01,155,822376.41
244,JZUWOIYGDSMT,2019-12-05,2024-12-20,9,868590.34
245,MEKGAIWPYMSD,2020-05-14,2018-09-10,67,732887.87
246,XPWPAOLEIRPT,2021-09-03,2018-12-06,192,458108.94
247,XSFSVDYYNDAR,2021-06-30,2018-09-03,249,958748.17
248,ZDJSSBEABTMV,2023-03-07,2016-11-11,417,414127.17
249,RMNWLRSSWRJG,2017-06-07,2020-06-11,285,55126.05
250,NYUXUVBAZGKC,2020-01-30,2023-08-20,465,625988.83
251,OUILJWYWOYCU,2018-03-26,2024-09-15,230,811791.4
252,QEYYTRCFHWNB,2016-10-29,2019-01-31,4,275103.35
253,VXOZCRMPCKQT,2016-09-24,2016-02-29,111,917143.9
254,DEWYYKTDCURD,2022-03-09,2020-05-22,465,517567.6
255,JCXBQADITNLG,2019-07-01,2019-09-09,199,417100.11
256,YTFHFJFAEQRH,2015-05-17,2023-12-20,265,181624.89
257,NDUECAOKNXWO,2020-04-30,2023-05-25,206,799340.48
258,IDPJAVFWZJJU,2019-08-25,2021-08-31,25,339456.7
259,VTAYSOIUPVUF,2016-03-03,2017-02-16,170,58026.23
260,LDEYOOKTDWGB,2019-01-15,2020-11-15,476,615348.89
261,TEDMBDPMOHEQ,2022-04-13,2024-05-09,417,539327.37
262,LSCLPKDWNYCI,2023-02-06,2020-01-01,27,40092.83
263,YEWQASWABAJX,2017-03-29,2015-07-27,202,612626.19
264,YOTLLUQJPUJH,2020-12-28,2019-03-18,122,873923.81
265,VYGVDVMABBDU,2018-01-11,2019-07-18,22,749240.51
266,DFUTKFLHYMLB,2021-02-02,2022-03-18,203,220465.25
267,ACSJCPWCIBCN,2015-07-17,2021-01-22,203,671293.69
268,KCBSIZVHZYMF,2022-04-25,2015-01-22,123,21994.83
269,KCFALJWRLSPM,2020-06-18,2015-06-03,223,772456.42
270,FOIZUUPEVYXV,2022-07-01,2020-05-16,425,641590.35
271,XLDJBGDWABGK,2021-09-14,2024-08-11,5,825435.78
272,CZQABDLMMXAT,2016-04-15,2024-03-20,190,480874.09
273,GGTOVOSSSOIR,2021-03-15,2015-08-07,23,489943.03
274,SIEGPAPQPMXU,2020-05-02,2016-10-30,67,846187.4
275,NMFBMLDKPTCX,2017-07-17,2019-02-27,375,823056.42
276,YDMYMOGVTLFR,2020-07-03,2021-03-27,272,580097.84
277,NPHOCPUBVGWW,2022-05-03,2020-08-29,455,492108.88
278,YDFBLXVCKVRR,2023-03-18,2022-02-13,329,842292.64
279,QRGWXOZCJSPN,2017-06-24,2017-08-07,45,343269.0
280,NZPXXCLAVNPH,2021-01-31,2021-01-04,332,161328.0
281,RAVBOKGNEDYW,2015-01-23,2023-09-15,325,276038.9
282,NTGZZJYOBAOK,2015-08-23,2016-02-07,220,217647.47
283,IRVEEOHKTRYN,2023-06-12,2016-08-18,137,395348.19
284,MVHERONMTPZY,2018-01-29,2024-09-24,429,277598.78
285,MQGPFDXCPCLM,2017-07-17,2021-08-11,5,23050.69
286,OGMRVOFSJULU,2016-06-06,2018-12-08,320,324595.45
287,URKHBPKQVJOS,2019-12-14,2024-04-03,280,51814.99
288,YLGNDLDIKEYP,2016-03-06,2022-10-20,301,212597.52
289,GQHOAZYUGKSF,2017-03-03,2023-02-13,62,755975.9
290,BLZKDZNPBAVC,2019-06-18,2018-03-03,6,383864.41
291,BZCXZGRZQEVF,2019-10-03,2019-10-09,441,694388.59
292,KGMKAEGXINKU,2016-06-16,2018-07-30,111,306163.57
293,SXJYTMGQLQWS,2023-04-15,2015-03-14,301,514345.03
294,HUKVMTXYBNSP,2019-10-13,2016-04-25,23,983833.04
295,OOBOXAKVDHLK,2019-08-03,2024-05-16,304,577306.54
296,WCFIEKJGKRQX,2018-08-09,2016-07-13,61,503282.71
297,SPSOINORWIPZ,2022-10-28,2024-04-20,85,642766.7
298,UBDDPEVUZGYX,2017-07-01,2017-01-14,31,230544.29
299,BCMKSFPTOKKG,2018-01-29,2019-01-06,413,258702.63
300,ZQCPIPJAAROU,2019-03-06,2015-04-10,380,28650.14
301,HZGBXZRHXWPL,2018-08-20,2017-12-18,122,343414.55
302,KILEVYIWMLNA,2022-12-28,2021-12-30,328,830103.16
303,LYTZENPLGUGK,2022-01-31,2021-04-24,15,763655.68
304,JDQUIHCQPJYA,2017-10-20,2016-02-17,74,54705.82
305,YLWDDETLZMRI,2019-04-26,2024-08-24,187,661282.48
306,DIBACHZCXWVG,2018-10-10,2017-12-24,70,437874.43
307,UQZAXNCPZMMO,2019-02-28,2022-03-27,12,176899.92
308,FCPWJYXYHDSU,2019-08-09,2018-03-23,312,620821.34
309,WQLDCEFGTWIL,2020-06-20,2020-07-01,135,277562.2
310,SSWNLJVEZYED,2015-08-15,2021-05-02,174,654166.88
311,RSGIGUZGAYGQ,2018-06-13,2017-03-31,81,810654.77
312,HMTWVBDFYZHN,2017-05-22,2023-08-17,353,53852.13
313,TTMYTZLXKFRQ,2017-06-10,2024-04-09,103,240935.6
314,REEEVORVXJAO,2019-01-18,2016-10-23,393,99123.04
315,UBUZVGSFKZZI,2017-11-02,2023-03-14,483,912234.1
316,OVGXIFHAXSQC,2021-03-07,2016-07-13,236,604459.97
317,BWLNNBLZHGRJ,2022-08-20,2023-02-12,388,765079.24
318,GBNVWRMQLUCQ,2016-02-01,2023-01-17,190,338802.31
319,QXSIQDNYNGOK,2018-01-28,2018-06-25,292,287563.0
320,QPZNUXTPHZMS,2020-09-09,2019-12-19,240,843116.37
321,VCVRGGVWZOZS,2023-01-24,2022-12-25,357,27386.61
322,EDFOFLNGUDCQ,2016-10-10,2016-09-01,306,199297.7
323,OAXEWFEWYSOF,2015-11-25,2021-09-27,188,319057.11
324,DBDEEABNLJBA,2023-11-12,2015-01-25,119,50460.33
325,VPWXRSDOVEJC,2019-01-22,2020-07-21,440,105405.35
326,BSXHIGYPTUHU,2017-08-09,2015-10-11,58,746660.76
327,TODIKZIRCATZ,2020-06-28,2019-01-12,295,668338.02
328,LTXAVHITJVIX,2020-07-09,2023-01-07,333,476453.34
329,BLXKGBXKJWSS,2023-09-07,2015-10-28,423,537264.49
330,XYZALIKVXGQB,2022-04-22,2017-12-27,96,465673.11
331,PJOFKFOJSOKK,2020-02-22,2017-10-27,497,613565.84
332,LAGLOXOMZRMP,2018-04-11,2017-03-27,201,956110.84
333,JJPELCLJSGAC,2019-11-08,2023-10-14,22,122542.0
334,LSZLZNOWJHCW,2015-06-11,2023-11-10,26,315674.94
335,TZOYYUJNZDMH,2019-10-18,2015-03-24,320,518350.45
336,CTMKEBOUQDCS,2017-02-14,2020-04-04,367,431107.12
337,KDGEPMNBBSZW,2020-01-02,2024-07-23,274,274631.75
338,SJXCORJVBLNA,2021-05-10,2023-08-11,221,909962.88
339,PDWMAOYBQFSI,2023-06-02,2024-01-22,23,527454.02
340,HBEVHWZNXPXX,2017-11-17,2020-09-24,69,167377.24
341,HBMQXNEGLCZB,2021-07-01,2016-09-09,442,13656.61
342,YOYUABUYQTBD,2017-07-28,2023-02-23,496,526762.41
343,JAEMUZRILTBJ,2023-10-26,2021-04-28,238,726669.7
344,YWLVDBMVPRAM,2016-06-23,2015-06-25,179,840708.07
345,XVQWOISSFQUN,2021-12-10,2018-04-04,470,326800.01
346,KOFWIPHMDVCQ,2017-04-01,2022-05-28,418,644973.94
347,SYZFINFUUAID,2019-01-01,2017-04-21,486,875054.02
348,URKRBXFWUJGT,2017-12-24,2016-01-05,253,699368.06
349,VIXKBWZLTLPF,2015-12-22,2019-12-24,479,807921.1
350,SGHOFHEUJZXZ,2015-08-23,2020-10-02,152,283689.17
351,HXOIBVYSKLIC,2021-03-24,2016-11-20,339,574846.02
352,YEOSAAYXIBQI,2019-03-29,2024-07-22,165,167581.77
353,AZCGYZMNKPRD,2020-09-27,2019-11-15,132,650235.81
354,USLKREQKQXIX,2015-04-28,2024-10-18,416,227585.27
355,GYRZXREXUXJZ,2020-10-02,2018-09-26,140,971363.3
356,AWTSBIIWYXJU,2019-08-01,2023-10-04,323,435069.27
357,RPLXILBVCLED,2022-02-25,2018-12-03,303,739460.38
358,PBJTRQXRVBZH,2017-12-03,2016-01-02,488,366988.56
359,RFHSFXDHDAFB,2020-10-01,2024-02-25,71,553149.83
360,PZHBHPCFRWQE,2016-07-11,2016-10-05,23,719267.2
361,OITXRIBKAKMY,2023-09-09,2021-08-23,164,759176.57
362,AAOYXOBKLGUX,2019-12-21,2015-03-14,147,174088.89
363,ZNSDXFFWHSZW,2020-06-28,2023-02-10,383,425790.1
364,AKLTWIAEJAMZ,2022-12-25,2018-06-25,286,485759.9
365,IDKHLGPQROUF,2016-02-02,2017-05-09,493,928810.87
366,FICAUOQXVBGQ,2023-10-15,2015-02-12,310,217689.1
367,YOKGAXDJLUQA,2016-11-05,2021-08-21,145,850813.47
368,XIZXIWOUOIOE,2016-01-22,2017-11-30,356,449018.04
369,ETUIKGVKUEAS,2020-11-28,2021-01-26,147,702795.91
370,LJEGZXSDXCUV,2022-04-15,2021-03-09,474,390109.59
371,FTAESEQPRBXN,2020-08-26,2019-02-25,169,189975.37
372,DOMAJCCCLNIO,2023-11-28,2020-09-17,116,594451.93
373,SWOMZERJNSTU,2017-06-02,2016-01-04,264,660631.21
374,XMTSWBZPEXME,2016-06-24,2022-09-05,47,645819.13
375,NIWWRZDSMAEF,2015-06-20,2015-05-31,64,684568.34
376,HDYZDYBCHZRT,2021-09-22,2018-02-08,286,377815.16
377,YWTBZYPSSRTT,2017-01-09,2019-02-12,9,981908.75
378,DQZHSDWDLJYS,2018-11-02,2018-12-30,323,534334.75
379,CJFXTNKXKKAZ,2023-12-04,2017-12-06,288,894587.3
380,BSPYLLKPPFTR,2022-12-15,2017-10-20,62,766712.68
381,QZCRVZBHWBYP,2021-03-27,2019-05-18,368,474051.65
382,YFYAGZOHQKDC,2015-04-29,2022-08-16,281,505646.2
383,WYKABKXZKZKY,2023-11-02,2020-08-02,305,301952.04
384,WBGKDOUJBPUU,2022-10-02,2018-10-21,200,155214.6
385,HAZKFHUSOIHP,2021-11-17,2015-03-10,179,387669.96
386,EEWKLVCZGURX,2020-11-21,2021-06-04,323,368195.68
387,TYOIRCNNXBTY,2022-07-08,2017-08-01,180,346486.88
388,PRCQKQSXSROJ,2020-06-18,2017-03-12,272,319285.18
389,FOUXSZHLYXRJ,2019-09-02,2021-06-01,109,626628.97
390,GGYYARCSJRMA,2019-09-19,2021-02-28,146,597782.6
391,ZGWUKRRMUKSS,2021-01-31,2015-03-02,454,33169.54
392,ZSYXIFZLOZHK,2022-08-24,2017-08-03,430,426204.39
393,SUJULXDEHASA,2019-08-25,2023-03-30,433,161234.92
394,IVQYNVEKDUJJ,2018-12-15,2018-08-30,145,142182.38
395,HLCXAWHGUPDE,2023-10-11,2018-03-30,391,727683.39
396,DVBRGOFUEKDU,2019-10-26,2015-11-27,170,227862.96
397,XFVLKRLCXXAQ,2019-03-05,2019-04-01,204,479019.61
398,TMNJEYCSLXOI,2016-10-26,2015-12-04,208,455806.87
399,FVRTEXNLGRXM,2015-02-02,2019-06-18,81,507561.04
400,CFZWYRRKITDX,2020-10-03,2018-08-20,444,583478.8
401,MDLRKFAHBVYQ,2022-01-10,2019-03-07,86,980889.06
402,JDLNAYINZAXM,2022-09-04,2019-08-01,306,885064.43
403,RSBEMWFLPFOU,2020-08-21,2018-09-23,407,235719.0
404,UFKUSMEADJIS,2019-04-01,2019-04-23,352,682516.56
405,NKXAQOQMGDJP,2016-12-20,2022-05-10,190,577476.77
406,VWRXDDSVFQXP,2022-02-15,2015-10-02,77,45552.45
407,EHWRVUFJDLCJ,2021-08-17,2018-04-02,64,814425.88
408,AKXOLNKMYTUV,2016-04-28,2024-08-15,253,765281.16
409,FBADKJVVOXOO,2017-08-30,2021-06-24,316,434129.15
410,ZSZMUQXTNGKF,2022-04-24,2022-03-21,254,825682.84
411,LGDZZZZDESAC,2015-11-03,2021-12-26,27,874191.89
412,PGEORTEVZQET,2016-04-01,2021-08-31,162,717322.68
413,JBEXZIJBKVQS,2021-01-16,2020-06-16,359,631410.51
414,WGWCBKUHVARF,2015-11-27,2017-05-19,209,453540.79
415,OHDODXBUERNH,2022-09-24,2022-11-20,195,674387.83
416,KOSRKIHMJGBE,2015-08-13,2017-10-11,7,556667.33
417,QBCZGCTRIHOR,2023-04-19,2020-03-26,121,811820.61
418,OJZPLMUBUVAE,2022-08-08,2016-08-25,497,984586.43
419,ZRBWMDRDBFGS,2019-01-19,2019-12-05,416,585115.72
420,XQMOLAYMBLXG,2023-07-14,2016-11-21,210,706234.27
421,UZELKTLIONQQ,2023-12-30,2016-05-08,53,79895.31
422,KGQFQOXSFPQJ,2017-12-18,2016-05-04,416,793151.06
423,IANSPIGDEPJA,2016-10-05,2022-07-31,216,426512.08
424,JUHHQUHABDZM,2016-09-07,2023-08-11,431,320820.59
425,HOTMHLLIYKFX,2015-07-14,2021-12-31,72,210499.8
426,LZGIAGIFFPKH,2016-05-03,2016-01-25,159,529583.0
427,LEMCWOJOJIBJ,2021-01-13,2015-10-22,278,988944.59
428,MAJCNMRLGCIH,2022-04-11,2018-10-24,217,879742.41
429,NWVTPJHRGZTW,2018-06-03,2022-10-14,16,549199.61
430,YHFSUUHDOPGP,2021-09-25,2022-12-22,230,628072.08
431,VYGPHOHKATVS,2023-12-21,2019-09-14,6,49393.63
432,EFPNDSSFOVQW,2018-01-07,2022-02-09,152,457908.7
433,PYCEZZTLBEWT,2018-02-21,2016-10-10,230,218029.63
434,MHWJHSKIUDUA,2021-11-23,2020-02-17,443,519046.45
435,AHOWJBSFBAXW,2018-05-26,2016-07-21,328,359214.94
436,CUFWIKJSKIIR,2016-05-30,2023-12-03,79,74153.94
437,MAYZCOFBSOES,2019-06-14,2022-12-10,388,499171.38
438,KFBYOBFXEKYT,2018-02-01,2022-09-18,216,67497.36
439,AGIHGFCHRSKT,2016-01-28,2016-03-20,462,585220.58
440,RRUOAOXYISDW,2016-09-22,2024-12-20,472,375897.95
441,JPBXQQZLHMEA,2020-01-22,2015-12-29,208,987690.55
442,FIENUJBEOYKI,2022-04-09,2020-12-10,9,764484.54
443,LIWXEFNDUAAI,2017-09-06,2018-04-26,68,630915.64
444,OCFAAFKLTDXU,2016-03-09,2017-01-11,101,175971.78
445,JVLLUPJVGTEQ,2023-10-20,2020-08-03,181,828506.49
446,FCXXTOGMGFSY,2022-01-31,2016-11-10,410,217996.9
447,DDHBZPTZUCSY,2015-10-05,2021-10-03,33,270938.8
448,RDBJLWKVROSY,2015-08-21,2024-02-06,188,516609.17
449,VMQMVKQVYEGK,2019-04-02,2019-07-01,259,416914.67
450,QFWLUMDNYEIB,2019-05-14,2019-04-22,187,529872.39
451,YUIKNSXSDGGE,2018-01-18,2018-09-20,14,862632.11
452,OYUCCZDLNGJR,2023-12-15,2020-11-09,37,959889.97
453,KXPRXXLBVHAQ,2021-08-06,2024-11-10,192,688395.36
454,FDCZQSEIXTME,2015-01-26,2015-03-04,489,404607.74
455,DMKGFLEJHDJJ,2023-06-24,2022-01-03,102,159428.3
456,IVPQWFFTSVFH,2018-11-18,2018-03-08,349,597741.04
457,HWVHVMPXAMUA,2021-12-29,2023-12-01,3,684446.17
458,JRTRBTIULGSE,2021-05-03,2018-05-13,35,188602.64
459,LREWTKGLMIEX,2016-04-05,2022-09-20,226,936297.64
460,OACKODPAJSEP,2021-11-08,2023-12-30,118,788487.76
461,DIWYKBPIRPGG,2017-12-27,2015-09-13,348,606600.97
462,RVQEQHTELBRQ,2017-10-03,2015-05-15,372,635714.49
463,ARIFSFNWBOWF,2022-12-20,2024-12-23,326,340402.24
464,WBQEDYEBTNXC,2020-06-17,2017-05-24,487,97333.61
465,JDLKMKXCPNGN,2016-05-05,2017-04-01,47,879709.04
466,KZTVRBKONYLN,2017-12-08,2020-11-05,217,551354.58
467,GIITKKYKITPS,2022-02-24,2023-04-24,255,163139.44
468,FRCDYVEFARBE,2023-09-09,2023-12-23,415,571401.71
469,GFZHMNWUSCMP,2015-08-04,2023-10-06,49,791220.51
470,DTPPPONQNFTA,2019-09-20,2017-04-02,162,527764.8
471,FLKTTSBJFEIO,2019-05-12,2023-06-02,217,393096.89
472,ECIBVHXXOAJR,2022-02-19,2017-08-31,28,659106.63
473,YVQROPBKSELL,2015-06-08,2023-03-01,178,764793.76
474,GFVZFWPKUYFM,2021-12-11,2019-11-13,270,515636.12
475,XCICQOVVKKCL,2016-11-16,2015-05-01,226,142476.95
476,HUABENEXSDRW,2022-10-12,2024-06-18,293,810337.25
477,TFXLPWNIYTSK,2019-11-12,2019-06-26,32,652367.45
478,XMCBTSVEQYNW,2020-08-14,2023-07-07,192,493569.78
479,VGBDPYDXSJPP,2020-01-18,2018-09-26,67,916254.29
480,NGSJMTASTSJS,2021-08-05,2017-10-04,92,394143.73
481,VNTPJVDLINOY,2021-11-11,2017-07-13,131,762820.87
482,IFHLQTTXPPLQ,2021-04-14,2016-10-06,155,966066.8
483,DQKZHTOKAAUL,2019-05-09,2020-07-25,39,46281.45
484,RMORWHHYFPNH,2019-08-24,2022-07-24,108,127237.48
485,KGVNQFTNNZHP,2023-03-13,2022-12-17,126,460134.78
486,AHAPRNKAZDXA,2021-10-05,2020-08-30,303,140635.62
487,KYBKOXAOHVJC,2020-04-30,2015-08-30,168,486237.16
488,FOOOWUIHVOQT,2020-08-24,2021-11-07,158,155267.22
489,GWZOKWAYLJAA,2022-08-15,2023-03-30,227,559288.58
490,BIKRCXUJFXYK,2018-02-19,2022-04-22,291,393746.01
491,CGOVZRXHLBTX,2021-05-13,2021-06-08,136,610628.43
492,XQNEWUAQFJRB,2019-05-01,2019-06-08,29,238658.09
493,HHYGPYKHIKXK,2021-11-05,2017-03-13,364,282151.95
494,XEYJUDIIPWDY,2022-03-30,2017-08-21,193,709375.7
495,TEWDAGYQHUGH,2021-10-29,2015-03-10,496,666126.08
496,XHHUJFLEWVNI,2021-03-07,2018-02-26,136,851041.98
497,MCDIJCSWPAGD,2022-07-24,2015-07-15,375,664739.41
498,ECWYUGUDZMLH,2021-06-07,2020-12-27,382,611397.22
499,QTQOSIIEREVD,2020-04-16,2024-08-16,188,459580.2
500,WCDNMPLBXNQJ,2019-10-24,2021-05-19,110,55757.97
501,PGLHFJFUHWTW,2020-08-12,2021-06-17,50,716709.64
502,HVVDPSZLGWPA,2017-09-16,2017-01-15,349,53796.33
503,GNAFNKWBFVNP,2019-03-22,2024-11-15,416,495921.5
504,EYNNXVOJEOFH,2018-01-21,2019-08-16,164,465639.25
505,OERIDRKVFIFV,2022-01-11,2015-10-04,356,618041.59
506,UBNWJREHJCMT,2016-05-07,2015-03-02,481,863629.68
507,YPKYZFVDPGJU,2016-09-11,2024-04-13,470,785111.19
508,GXBPPAABPIFA,2023-11-07,2020-03-28,240,866380.94
509,XVRICCPRHHQK,2021-07-06,2020-09-30,299,996578.28
510,TNNQYVPLJEXJ,2021-07-08,2021-01-09,28,199098.83
511,UMQOTDNCPEBT,2020-09-28,2019-11-08,164,360770.1
512,MORRQBDNEPWX,2019-03-27,2018-08-27,371,451630.15
513,MYTNXGICGYLT,2017-05-12,2020-01-12,236,802362.34
514,EZZCEFANILNU,2019-08-19,2022-02-04,64,447836.59
515,PPZVCYIAVTQX,2019-05-25,2016-07-20,294,742337.72
516,ZSQECMBIOLKF,2021-05-08,2024-06-22,478,768282.74
517,VJQRTNASYAVI,2016-08-02,2019-04-21,377,841465.7
518,DKTDOUCGWDOM,2020-03-05,2016-09-13,41,661618.16
519,DWJGLORINCND,2018-06-29,2020-07-18,389,881053.93
520,HBDFLKXYUNFT,2022-02-20,2018-04-15,330,109148.54
521,DLFJSKGJUBAI,2022-07-06,2024-05-26,478,335976.9
522,IWTZCQHRCIKJ,2020-01-30,2015-11-10,269,635804.36
523,POJUDJGYPRVX,2023-08-28,2022-10-25,327,684532.1
524,MEAEPZQKIGEC,2021-10-29,2022-12-05,295,769955.43
525,UGVRBXQSYIXI,2023-05-23,2020-11-14,273,445578.51
526,WQHVBJDEOAMF,2018-09-17,2023-01-07,204,906017.61
527,GMFDWWGGHDTF,2018-03-08,2018-05-21,223,363901.64
528,IFAKUKKSWRPZ,2015-12-23,2022-11-16,494,647270.38
529,XOENWYNTWTJW,2019-06-13,2015-05-17,381,529549.63
530,GVITLVDGFQLO,2021-05-10,2017-10-26,480,621688.64
531,ODCJVHSVFYPT,2023-06-18,2023-05-17,154,678746.84
532,XNFMQJNTFHMA,2020-06-29,2020-11-26,434,741759.19
533,GGAAXYJNQKAO,2021-06-16,2022-02-07,368,521412.51
534,KJUZYBWWGCAQ,2017-05-19,2023-07-08,208,713799.26
535,LDGHASMPSCFH,2017-06-04,2016-10-23,298,287355.12
536,ZGOBQSIYYDHY,2020-06-24,2021-10-08,110,54265.35
537,ASODKGYKEJZV,2021-01-10,2022-05-01,220,373968.04
538,UEAVSRECNQAH,2018-11-14,2021-04-27,170,514009.82
539,NCJBAOLQBYUA,2018-07-07,2024-07-29,199,217144.21
540,IUKUSBJKOAIM,2016-09-11,2015-03-28,454,972140.0
541,IBMDYOAUFLEU,2017-06-01,2021-11-17,64,318249.68
542,RECFVOTMBKDD,2017-03-07,2020-10-24,284,315483.09
543,UGWSHKCMOOZB,2020-12-12,2021-11-23,121,488563.3
544,VLHKZDFHWYDJ,2018-07-20,2021-09-27,100,60892.2
545,CKDEXHCYXRAH,2016-09-10,2022-11-12,452,920548.76
546,TLVWJARKQIFD,2020-01-09,2023-01-21,166,111378.7
547,KQPHOZRHIRPJ,2015-09-02,2022-08-05,366,160860.54
548,JDCRIYPVELWZ,2022-12-05,2021-11-09,311,234553.51
549,STUXGOUXNKFJ,2021-11-02,2018-08-01,254,651694.82
550,BANIGNFVOCOO,2017-07-18,2024-01-24,136,329477.04
551,MQOCHBOSNVXZ,2018-06-24,2019-08-28,322,58727.37
552,KZQVUZHGLLYN,2016-06-03,2022-05-24,344,406590.38
553,DONILDWEZFSR,2023-10-18,2022-06-12,287,990575.37
554,TWJIWTAAOJUT,2021-08-06,2024-12-08,236,122692.53
555,ZLPPANTOCGKA,2015-01-08,2024-06-05,203,631507.36
556,PWCOTDGRFLVR,2021-11-30,2016-05-09,281,399608.52
557,YPLSBAUIOVCW,2020-07-12,2019-07-06,489,935049.89
558,XLZKBAPVPHFL,2016-05-09,2020-04-26,4,538476.87
559,XSGLYNCCPQSI,2019-06-18,2017-12-04,192,83901.3
560,DOUDAQURBFTH,2022-11-20,2018-11-25,352,47099.74
561,KLJOPHXHKLSC,2017-11-28,2024-02-01,240,642481.41
562,OGQADUXRDDFL,2022-03-25,2016-08-19,26,879558.03
563,XHAYKAJXMRXM,2015-07-06,2016-03-25,396,455830.91
564,UJZKEYILACQZ,2022-09-02,2016-04-29,96,451944.6
565,ODSCDKBEQIOH,2020-02-21,2016-10-07,497,62902.45
566,WKWBPFGKBDGD,2020-11-10,2022-04-21,125,883655.34
567,CCWXFXOZQBCA,2015-03-27,2023-06-17,382,239799.56
568,XYSATLIYUSZG,2023-07-13,2019-06-18,356,973787.51
569,JBWRXZKFQJZC,2015-05-17,2016-10-23,245,806253.59
570,CGJSUZZIVGJY,2021-10-04,2017-01-27,434,631287.43
571,CZNEICRVRELA,2020-10-22,2015-10-16,243,363588.89
572,KKVYYUYWHBYW,2019-06-25,2024-07-17,411,517254.34
573,WKONVUHMCEBF,2023-11-02,2016-12-21,375,270770.54
574,AKYUHOZZDIHF,2021-01-27,2016-09-29,46,976563.44
575,BSWTOYDIQVPT,2019-10-18,2021-04-01,278,578759.93
576,EGUAKRUQCDRP,2021-01-26,2021-09-29,136,300510.01
577,UOCDGWLHIPHW,2019-11-23,2023-03-05,126,915829.64
578,NEBNPKAKGUJC,2017-05-21,2016-05-13,439,989779.0
579,CBCVJFTCSGAS,2021-06-27,2023-04-10,4,821208.75
580,BPYLVGDSQNBB,2021-11-08,2016-09-25,413,429025.85
581,EZFPOPPYCUAA,2017-08-01,2019-08-01,329,857662.53
582,HYVGTMCVTOBT,2019-06-15,2020-07-23,52,954241.05
583,XTWEZJSZZSGP,2022-10-08,2023-05-26,289,816259.49
584,HZMNWXQCYIIE,2022-04-14,2015-04-25,96,75729.72
585,DMENWLTMUPBF,2023-11-01,2023-02-27,84,225749.89
586,CKLONUMVDFPT,2023-01-15,2016-11-04,14,143365.43
587,QJMUNMVBWOCX,2015-12-15,2019-10-03,309,326105.02
588,EHASOUMZAEGW,2019-08-04,2018-06-11,185,226443.49
589,FTFKEZDPUJRJ,2018-04-11,2024-11-20,222,503623.03
590,JLKMKLRBQDPZ,2015-01-10,2023-06-10,251,665286.12
591,YSYYCBDKHDBM,2022-08-19,2021-03-03,124,869918.0
592,AFBYVNGUHFTC,2019-01-01,2021-04-13,112,361516.56
593,NFDOHBAHCLVB,2016-10-28,2024-12-09,98,945454.26
594,AWBCXJSTSZSK,2022-02-06,2022-09-06,436,372390.97
595,UGWPIICAADTX,2019-03-03,2023-10-04,419,709354.29
596,KTENVUWDMOIT,2020-12-16,2015-05-27,74,168565.29
597,WDUXXICGJONI,2016-08-23,2020-12-05,354,910911.92
598,GJYBRPETAHHT,2022-04-06,2024-06-15,362,672666.36
599,VJHUMABCLBND,2015-11-23,2016-02-16,310,665920.92
600,JGQNQFRBCIZN,2017-09-06,2019-08-15,358,241186.21
601,UXHBHWSRJEEG,2021-09-17,2021-08-07,246,513953.52
602,TRKDLOVZLLDL,2016-09-20,2019-03-13,109,962114.6
603,XRDYWSYFOXMR,2019-06-18,2015-05-17,403,776282.96
604,JDXLNMBXSUNY,2022-07-28,2023-11-21,350,216293.53
605,ZPGBIJGAURYP,2023-06-16,2024-03-14,69,47368.41
606,DFKCXPLYUIRT,2015-10-01,2023-03-25,108,569285.52
607,KBMPMSIEWPWG,2016-11-15,2024-09-22,290,97840.95
608,UGVMWTDSESEQ,2015-04-26,2015-01-19,441,563618.48
609,MCBMJXLDMKBH,2017-05-10,2021-02-20,208,922548.99
610,QOCGOPGJYVYA,2020-06-26,2021-07-05,149,665269.91
611,PUEXTZZUAZXE,2016-11-23,2020-05-13,133,646107.63
612,KMCKABMXAFZK,2023-08-29,2021-01-31,21,995970.47
613,FXBIAAPFKLGH,2018-01-10,2017-09-28,96,234500.97
614,PWWLOULGOOYA,2021-06-29,2016-03-24,445,183299.84
615,KYGEJSVOCPTF,2023-03-28,2020-05-02,288,99565.53
616,METEWEOVFQHU,2020-12-01,2017-08-03,472,855991.07
617,VBVSLQVLEQJF,2019-11-28,2018-10-09,69,739024.13
618,MQQJLAWLVKMJ,2023-07-27,2019-03-03,165,78282.84
619,KWEORXOVEBEC,2015-06-03,2015-05-21,123,353489.88
620,JVHVQHOXPEEY,2020-03-15,2022-09-06,391,741477.49
621,GEYGBEJQIWBQ,2018-11-28,2020-04-04,84,542168.72
622,SZHURAWPVVHU,2018-07-13,2023-02-25,418,587247.17
623,QTGWHGXPDVAO,2015-11-11,2015-04-03,203,799126.0
624,TZFDZHHEPLIP,2017-11-30,2015-08-27,479,33726.33
625,IWPDBDZKBLPH,2015-04-15,2015-07-24,412,471898.13
626,BAEUGCFLQUPE,2020-04-08,2022-02-20,459,215230.91
627,LSCJSDLYMDWQ,2020-03-28,2018-12-27,494,298720.59
628,KJXDAQDVFAPR,2018-05-01,2015-09-02,236,390457.65
629,WXIDBECJFIAC,2018-11-25,2017-04-11,193,476233.28
630,FUCQHRBWMPQG,2021-07-29,2024-04-11,317,262062.04
631,PDSGDZNGVQRS,2023-05-22,2023-02-20,441,184919.12
632,OCEYAUMBMJOZ,2019-11-08,2015-10-22,304,131108.4
633,WTPZLCWYEMOH,2020-05-14,2022-05-11,335,745580.36
634,LBNQUJNETEUS,2022-08-12,2017-05-05,96,576578.88
635,SMKETGMRUJYW,2019-05-23,2024-03-07,133,549321.66
636,QIJUKOEWACES,2016-12-09,2020-08-26,85,653798.72
637,RQEWHEKPGEAW,2016-10-12,2015-03-12,225,922362.33
638,EEXCOEAASKES,2022-11-11,2018-07-16,243,492185.61
639,BKAXXVBPLEMH,2017-08-04,2018-09-10,471,743316.44
640,BSPBTOGTOEEV,2016-10-22,2015-11-01,122,924115.1
641,CYFWSKANLRIH,2020-11-16,2024-08-23,319,613661.76
642,CRKVMLDHSSJA,2022-03-20,2017-10-27,478,430447.84
643,IMFLLLDFCZXU,2021-05-18,2018-08-30,364,447533.92
644,CQUGSZHYSKHV,2021-09-16,2017-03-27,82,343303.41
645,DTLMRKJYXTKS,2018-02-06,2018-01-31,115,948821.54
646,UPEZVWVMWCOA,2016-11-30,2017-03-31,370,898584.25
647,CWQOESBEOLGG,2021-02-24,2015-07-12,274,86153.34
648,TEGLIFVOLTAJ,2020-07-31,2019-11-12,445,667760.33
649,HNTJTKOHMFLS,2021-07-02,2024-12-24,174,410444.6
650,BAYPFWQITGCS,2021-01-10,2016-06-12,334,556293.28
651,GUPVAUMCRBMQ,2016-07-05,2021-01-27,73,649075.13
652,KCFNXGFBSCTV,2016-02-09,2024-11-17,24,943364.01
653,ZJKXWDWTKYXU,2016-04-06,2015-09-08,70,892327.93
654,JHSNVTOYDMSO,2020-12-19,2019-11-24,123,107893.05
655,CUIBLVOAZJTL,2022-10-09,2024-06-20,352,789858.28
656,IASLXPGAMLFV,2017-05-23,2023-12-23,94,306853.37
657,MUXODTKXMOHC,2015-03-25,2022-02-01,12,280722.84
658,ANNNINIPVKTO,2018-11-23,2020-07-19,295,484717.59
659,FRENQWTZAVUQ,2022-09-02,2021-09-29,49,702059.97
660,WVQODDLGWKSC,2022-04-29,2022-10-12,129,67987.89
661,WRLKFVTKEYRW,2023-09-16,2018-11-04,353,594890.72
662,MYPEVVCZVYMO,2015-08-09,2018-03-13,1,819125.45
663,KIWFUMLXAKVP,2022-02-13,2020-09-03,34,211361.71
664,EPEFSNYGWRGI,2018-10-23,2022-06-08,217,491984.87
665,RQSCJOZLZPBI,2023-10-24,2018-01-01,316,455251.0
666,OEJZNYHONURG,2015-04-22,2022-05-03,97,35572.15
667,BDWRTMOKNYKJ,2016-09-06,2020-01-22,117,996261.58
668,QRRIQPTXBJWW,2019-05-01,2023-08-31,390,595576.42
669,PSDWNIFLBMYZ,2023-02-19,2016-05-19,409,721775.9
670,KHLBAQAQWWLK,2016-04-19,2019-06-10,90,134121.18
671,NPKEWHHNTAWL,2022-11-23,2021-07-11,265,411017.41
672,NRZYEQQCKAYR,2020-03-28,2021-10-08,143,667793.54
673,SWKCUKDONVGD,2015-09-28,2021-12-21,151,996951.5
674,BTEXFXGHIPQE,2021-10-04,2018-10-19,71,971382.5
675,GZRWXCATVYDE,2020-04-04,2023-03-14,109,772944.03
676,WFPPYEFJAOGL,2022-07-17,2022-05-01,493,38385.08
677,VYBPQLDTGIVX,2018-10-22,2018-05-07,153,160047.02
678,IJFTGTSVUUHA,2015-02-09,2016-12-18,254,962125.77
679,GKSVXODWOZGJ,2020-06-05,2024-07-16,338,638070.75
680,YKDFDLJUPQNH,2021-02-14,2015-12-05,37,969551.98
681,BJIVZWRETYEN,2023-11-10,2016-10-20,310,751610.28
682,EYODJKZYOKEI,2017-09-20,2017-08-19,303,579386.59
683,PPXPVPTUTGIO,2020-07-05,2016-03-04,269,649351.55
684,MZOMMPJUADGE,2022-01-27,2017-06-17,77,390626.12
685,NWGPGIPTZPED,2023-06-03,2015-05-19,456,820978.35
686,AABHQRMKVSYY,2015-10-17,2023-03-09,312,125409.31
687,HQFAHYBHANOI,2021-10-16,2016-06-25,5,891784.78
688,XVMAPLIRHTRS,2021-11-23,2020-10-05,410,421459.96
689,HAQSDNGVAYZL,2023-11-27,2018-06-09,345,457895.69
690,YCYOQDYYVOZV,2022-04-29,2022-05-29,248,131883.14
691,QWKDAMJQAQKY,2015-10-06,2021-10-18,170,748792.34
692,LIMTQTZHWIUH,2023-01-03,2016-01-19,420,990048.2
693,GSIZRMQWCBMF,2016-08-03,2022-02-20,165,419724.31
694,EMZBKTTEBSVT,2017-05-12,2015-07-13,442,953021.04
695,PSPNFLETVWIW,2015-09-11,2022-01-25,44,11480.7
696,HPUMATNWUIBZ,2015-06-30,2022-01-09,169,997408.07
697,AVKBTBMAXOUJ,2016-11-11,2022-07-26,432,749139.43
698,MGRWPCJFGPBU,2017-04-04,2022-08-30,138,916117.9
699,NIOCTCXLHUKJ,2016-11-30,2021-02-10,354,285105.99
700,PDKQVAHPXUSI,2022-02-26,2020-03-10,176,813194.65
