resource_utilization_id,time_id,employee_id,project_id,department_id,utilization_hours,utilization_percentage,active
6fc98bf1-5533-4053-bacb-4400465a2ff5,58,285,96,41,14.98,53.26,True
138b31ee-3915-44a6-9930-0d9f84161615,13,389,28,40,38.03,5.18,True
2c89382f-0700-4b11-abe7-48952ebff987,141,124,173,30,29.28,33.66,False
e0a94cff-76e0-4aca-8b1a-dea1ff5b35b0,126,354,60,5,23.95,13.44,True
49d961b2-1e13-419f-9859-2fa581b83410,115,244,121,8,6.24,6.34,False
1b53b076-1723-4fc8-aa2d-f6ad08d62b71,72,331,7,32,6.24,99.0,False
2c66d6e8-6e18-4a00-a7ba-557fda8e3094,53,365,159,39,2.32,32.24,True
e6b8d4c1-9f1c-4063-817a-ba84fd2f1b22,280,252,144,35,34.65,80.99,True
892602c4-66d8-44d6-a460-bd83f30a416c,45,230,84,2,24.04,25.46,False
71c8a728-a259-43fd-9460-c06a1c8431c0,217,406,157,41,28.32,68.15,False
0edcff6c-854e-4e5f-b46a-40d77a22c2a8,17,9,57,33,,76.02,True
8df424b5-f2f8-42fe-b8a0-26c8afae0ac5,16,48,166,37,,59.56,True
f876f06c-5d1b-4681-8b31-646169bd7788,48,151,17,16,,47.16,False
2ef8193d-891a-46fb-80ea-c665a8976ca0,112,114,163,46,,41.18,False
81ef2cc8-7f18-4c2f-9a87-52b5945f5585,120,208,119,10,,34.89,False
7391280b-171e-42f4-aad5-acb9dcc3bc88,259,355,180,19,,92.95,True
5274e6ef-bf3d-4532-a959-87e636126ce0,14,125,78,28,,83.06,False
ff68f63b-5fba-40b4-b411-83ca805fdbf4,288,157,167,1,,96.5,True
e00c8203-3d51-4c8f-8802-55db0ee87b7f,102,340,105,40,,12.43,True
8056b66b-6a2f-4253-9402-5b4dc1b32907,280,298,30,23,,73.09,True
1495129d-6d48-4c07-96b8-715eeb34e9ed,215,189,36,16,,93.83,False
99c4ddd1-a072-4cbb-9a9e-4752ed810af1,113,243,12,37,5.58,18.12,False
c0d41454-79c8-49b3-8cd1-e3429040a353,230,284,10,27,11.69,6.65,True
792ff9b1-de51-4044-82f2-f8027b36cb65,143,272,78,12,14.65,74.11,True
c3257f3b-4df0-48ba-9f56-9be045338cbd,4,177,127,43,18.24,57.45,False
cb4b9f92-00f6-4dec-b2ae-e7addc8c101b,82,218,30,43,31.41,84.18,False
93d2d402-b0ad-428e-8df1-8345766126c6,217,382,25,6,7.99,13.98,True
b52c9abf-885d-441c-9596-207d6006d3ad,175,282,61,34,20.57,79.53,False
de66875e-d875-4fb8-af58-b83f4290f5de,143,170,138,24,23.7,20.16,False
4b41fc65-e752-48bb-bd66-beefed21a983,80,181,35,5,1.86,16.37,False
c4d98959-93a6-4920-a3c4-a8625e983fea,111,360,100,34,24.3,unknown,False
6022c89e-2de4-459c-9fb0-33e955012498,173,233,117,35,6.82,unknown,True
f55ebd2d-b3d5-4a75-928d-d132adaee427,53,139,95,33,2.6,unknown,False
28f6728c-8f23-42a6-b3c3-c9952a3c2df0,48,157,172,33,37.96,unknown,False
8df0536d-4f24-41a3-ba46-7b46cf7be7b1,195,129,191,36,38.63,unknown,True
01347da2-4a75-4a47-8be3-741d26e84f0f,50,119,179,2,32.34,unknown,True
ed951ec7-ea80-42c4-904e-11de5f864dcd,184,62,139,25,12.18,39.24,True
3dfe6e2f-d439-4c66-853f-caf587b86a7f,177,370,108,31,3.91,81.66,False
ae8aa14d-aa9c-4668-a3b8-5c19ccdc8012,136,99,151,3,27.37,43.91,False
4a86dc33-b09d-4404-b53e-0add1a16a873,23,162,191,41,17.61,37.69,True
97d7b4dd-b2da-42c9-b4b7-6d6d0546628a,236,62,187,25,4.88,46.27,False
559b9ea5-0193-47af-9702-d5ed80599c74,275,381,40,24,19.81,30.14,False
46b155b1-7d7d-48a7-a892-c39589ff28dd,64,275,107,17,1.38,74.76,True
e9c95f40-51ad-4e8f-92f4-8756c965eedd,194,487,168,48,36.37,50.27,False
3bae2656-10fc-4a59-a9fb-c68db3fdeaa6,41,391,26,2,10.35,23.22,False
d6db8ce5-ed15-4769-91a7-f76dd498ab1f,283,354,126,23,26.5,89.96,True
eac6030c-2e31-4811-a09e-d3c09d4033a2,151,95,158,5,12.47,38.39,True
1557c80d-a6e3-471b-9d32-d814408d3ad8,186,99,105,23,20.8,54.36,True
e8e77d44-e641-4222-9b1a-39a01538fa55,296,111,72,16,21.87,90.65,False
f33958e6-0756-4349-ab02-42c2e15a968e,99,379,9,47,7.39,62.42,True
df52e6e3-c93d-407f-b433-f70a8daaa4ec,36,248,177,43,38.78,11.69,False
df52e6e3-c93d-407f-b433-f70a8daaa4ec,24,142,95,41,31.01,93.98,False
df52e6e3-c93d-407f-b433-f70a8daaa4ec,117,371,56,7,37.58,62.77,False
df52e6e3-c93d-407f-b433-f70a8daaa4ec,149,302,114,50,35.79,33.49,False
df52e6e3-c93d-407f-b433-f70a8daaa4ec,41,390,114,38,23.92,13.93,True
df52e6e3-c93d-407f-b433-f70a8daaa4ec,120,269,61,48,36.87,79.4,True
df52e6e3-c93d-407f-b433-f70a8daaa4ec,52,306,93,49,3.54,62.01,True
df52e6e3-c93d-407f-b433-f70a8daaa4ec,195,145,26,22,7.84,53.35,False
df52e6e3-c93d-407f-b433-f70a8daaa4ec,143,52,176,9,1.81,89.39,False
df52e6e3-c93d-407f-b433-f70a8daaa4ec,233,427,95,3,13.01,78.86,True
df52e6e3-c93d-407f-b433-f70a8daaa4ec,187,100,140,23,15.55,15.17,True
8e15e128-9f7d-45fe-898f-dd643d6932f8,84,152,166,35,10.85,31.17,True
c1b0da04-f770-4332-a541-e0dbcdb7828e,190,117,92,22,33.15,24.85,True
b77ed64c-9170-4fa6-96fd-196683de3233,182,185,16,42,14.27,74.39,True
33daa963-031a-4709-b70c-ac1afeed794b,108,92,102,12,11.24,3.35,True
bc5e8cf9-0c66-41b0-bad0-4e6ec2f7c60b,137,155,71,50,21.71,56.99,False
3a05f6d5-65fa-40c3-bd2b-4fe090cf2aff,37,8,49,44,5.64,76.25,False
59b87240-51f1-4564-a3d7-fbe7435d1c1b,88,363,32,30,32.09,87.68,True
dd2fdeef-ae43-49d1-a0e2-9c6b1afb259a,274,274,117,45,2.98,34.21,True
1a44f628-9eda-4c7f-b2d5-faf1eaf72639,126,65,24,31,39.48,82.13,False
98073d1a-44d3-444e-bc71-9c9e83a26668,84,141,170,41,30.89,11.06,True
7bdf77dd-adea-436d-b542-98c100084f3c,237,24,55,12,7.95,84.65,False
793813a8-7567-46f7-87ec-c119718c3d98,195,499,165,9,0.22,12.75,True
c082699b-919a-4cf6-a2bd-e6846eebaf11,139,28,164,5,32.62,39.73,False
0e3cba01-d88c-42b3-ab0a-d339935bf57e,286,284,153,46,28.27,79.73,True
06fd2054-0cef-4d0d-88b3-1f3066e3c6a1,113,150,6,50,29.16,14.99,False
226cb7ed-e3a2-4cca-bcaf-54b981345b6c,167,358,13,30,30.85,22.93,False
a6dab02f-0005-43d7-b163-dccd3277f70b,29,484,86,3,2.96,72.23,True
f3a58c65-a773-4244-8609-61ed8ec119b0,118,65,63,19,14.34,72.0,False
bb4a8d61-6d60-4ef9-8d73-f7f0190b1a84,17,327,33,13,4.63,64.11,False
f13c5aa0-aa45-490f-b13f-a75b12377293,162,445,145,3,34.52,69.39,True
655a1329-75c4-4f76-a92a-21eba4539cc4,206,386,53,13,24.93,54.27,False
e8a63ba0-3df2-4f5d-8304-3c660c8dcf01,138,252,18,3,13.24,25.18,False
63134906-dea9-4bfa-8b0d-99fa42273e59,34,53,196,21,2.54,34.57,True
49e6e67d-52f7-4006-b72f-030b1574b1f0,109,447,142,20,12.44,18.16,True
ee8d8c2c-b5ef-4e80-9a85-7bd8003b8ecc,291,7,54,33,13.01,90.85,True
8866bb67-ff8e-4264-8d11-1268304f67eb,162,294,151,26,29.18,58.34,True
e81327a2-f653-4654-8339-0159556af056,109,146,56,35,25.5,40.09,False
ae666f84-a6ec-4f53-a4ae-31360f2a075d,256,241,60,31,35.49,46.2,False
01fdd905-1afc-4a7b-8bae-71f0dab12a78,203,246,85,17,18.89,94.73,True
9557e474-0d29-4355-8e0b-4a85dedd4a29,235,226,199,3,4.78,15.34,True
dc0aa38d-1db5-48ae-993b-bde5a72d0eef,74,175,38,49,28.53,58.62,True
04628caa-ec1b-445b-bec9-0f4e98d9d0eb,136,95,153,42,30.43,50.59,False
28648996-3050-4a1e-9cad-9a5f6b50ce90,72,495,1,13,22.45,61.15,True
add34299-797d-4f2e-b297-92982221913b,127,27,71,19,30.84,1.81,False
1a2f8a68-b0e7-4589-9880-f778c59eec8c,288,130,38,23,19.75,87.21,False
98058006-5872-45dc-b91c-9eb41bcf4606,276,482,34,50,20.91,93.21,True
5bb494a3-9a07-4bf4-961c-8f9ec31af60b,135,442,139,4,17.1,56.51,True
4f3c5637-e895-47e7-a181-2e23ff53d635,300,245,65,42,1.02,69.67,False
717e30ed-1c34-4686-b659-b34607400280,220,59,45,22,4.32,92.25,False
8047b75a-7e84-49ee-8dc7-9b6abad8027b,299,421,29,18,1.26,70.72,False
ec518846-2509-4fde-996c-928aaef9afe6,205,34,170,8,25.46,15.25,False
d06f30b2-4ebe-4516-9e78-e51330b34973,186,206,7,24,12.57,57.63,False
4c461c56-d639-47cd-8e0c-fb15b5541916,113,252,34,28,20.34,60.67,False
05af8982-7581-4116-8d1b-e3ccf2ab16ad,71,38,4,26,36.3,42.41,True
45c97b07-65d4-4aba-ad6a-ecd287e80e90,261,296,92,48,9.97,73.64,True
371ba1d7-8352-49eb-8774-80365dd01b91,253,323,61,29,16.42,93.44,False
5aaf5726-7085-4a7c-868b-5738cf971e37,47,352,151,25,30.22,92.56,True
3fd96701-d7b8-4793-9107-e985388ef80a,25,28,83,22,9.15,45.08,True
16b0de50-5b9d-439d-8b90-0d0b70399ec6,57,78,5,12,3.08,11.32,False
f9442080-b58d-4ec2-93c3-0bfdcbe43818,79,77,45,32,11.59,98.48,True
8adb7848-4d8d-4f29-af20-237832528730,82,416,68,45,6.45,83.89,True
8791686b-4086-427a-a15b-e856dbc33d3a,217,289,14,32,37.19,12.47,True
0fac7461-ec54-4d54-8271-ee2238d92129,33,486,33,24,32.32,92.08,True
dcd823c6-4c2e-4d44-a699-e8760bd642e0,198,156,190,34,25.34,86.99,False
54239827-9400-45e2-937e-be58d3b2b706,196,44,108,18,34.86,51.88,False
d3eb9fe9-84a8-4160-a69a-468e4353501e,240,128,135,6,32.15,59.13,False
ea9979cb-fa16-4312-b3e7-c972635a1510,271,61,30,47,7.46,39.9,False
b1cdeb3b-6e48-4044-85ac-7d1550d9128a,129,286,191,28,35.7,5.48,True
cca6968b-0208-48b0-9124-dd8af8e0551b,284,392,17,6,21.57,33.52,True
b373d55d-506b-43d6-8c34-ab2354d7b1ab,6,214,122,28,32.3,80.29,False
ad3501df-c4e4-46b4-ba81-99df837f078a,59,311,115,39,35.84,0.46,False
92edcdfd-5f2a-4f6d-8374-f777a95961d4,275,306,200,12,12.72,33.35,True
722c6980-7f79-404e-ade8-358fb0ccd454,137,405,93,35,4.4,39.82,False
46656ce5-29c2-4384-ac0b-77f818348cf7,175,317,132,19,9.12,53.74,True
c7be7b84-0d96-4906-a3fa-34391d1d72a2,58,116,152,21,17.08,91.99,True
a40afca7-e0fe-442a-af1f-f5047d8dd285,151,398,28,7,32.72,34.63,True
ae0c0464-ca73-41ec-b472-868b841990ea,223,268,116,6,34.43,34.7,False
f6d5019d-f8be-4e22-973d-31b96aaf4419,81,195,129,21,0.28,73.75,True
e00ee2a1-bd7a-4d70-8746-dd48185d409c,233,231,57,43,20.43,45.22,True
1f4add25-e8bb-4c1e-a93f-7cd15964c21f,2,466,158,19,16.7,22.46,True
b2576322-e2a4-49f5-b6cd-25376ac6c40c,135,227,12,20,8.88,45.24,True
71a341e8-bf8d-4d86-a266-388ad2ce0647,257,153,187,29,4.79,14.09,True
b32bbd94-e374-4cb1-90ef-0e1b01783f40,92,441,169,39,13.5,17.64,True
37ce570f-c08c-4f9d-97ea-2647fbfda69d,260,302,134,46,37.72,49.84,False
cda63e82-2bba-47f3-9e65-067726023941,55,220,78,28,12.93,41.89,True
02cdddab-c70f-4311-aaf4-f198aa4005c1,153,157,118,11,20.75,91.48,True
0cbfadc8-9024-4894-8332-24d65e8b15a3,260,292,165,45,28.12,36.24,True
99d6e3fb-ae5f-486a-8b00-6c37348d5c93,102,318,8,29,14.55,58.06,False
5cc67b87-fef2-492d-a349-e0fe7c88dc5e,79,31,16,23,38.87,63.23,False
a9012e81-8ba0-4d70-816c-aec9c6bc8ec7,192,313,123,29,38.5,1.31,True
fa3cb849-de10-4c5c-9675-82d26fdea1cc,83,492,103,3,10.07,66.35,True
760029d0-5666-4d89-8ab3-87cbd37715ea,277,379,110,47,19.89,17.8,True
c5158c39-e5af-4116-8419-43b05d867cde,272,51,176,23,12.04,96.11,True
b75732d7-3ac2-4538-9d3c-9cb30a54c43c,1,486,28,40,11.39,14.87,False
054c0bff-1740-4326-9a41-ca02bde55573,166,391,126,28,1.48,41.46,True
1f97bd53-7ed7-4c81-a407-31d313675a39,251,107,183,18,24.38,8.53,False
693c40d2-1bc6-4a79-828e-c5db2ea08705,10,321,114,41,20.11,99.69,False
833e2915-2f6c-4857-9b68-23b845632260,58,109,19,4,2.06,50.22,True
dea3ab2e-5f24-4a8c-8d7b-a7e46edd1f54,186,136,21,5,11.15,59.54,False
b2b59429-2a11-4341-af03-31072cbd0e04,158,339,83,43,36.33,6.71,True
01435491-241b-4a1d-aab4-1f5b89b7558c,123,42,156,41,9.58,75.0,True
4246681c-9f4b-46fc-9b47-74be68feffb9,30,81,38,26,5.8,20.99,False
423c89ea-46de-4ebc-89c6-d9b1b9609bb0,124,123,17,24,19.58,89.81,False
cc871657-818f-4001-b2c1-ab48e7d5b7fd,291,89,33,33,39.43,20.51,False
d1f8b0da-af89-4714-a500-a95993d3d022,41,283,71,48,9.68,19.07,True
298a8ea1-8648-4b4c-b9ae-961b1d60fa7d,44,39,160,44,26.89,3.65,True
1fa7f6c9-2c74-4917-ad4c-d31c4c4b61f3,249,81,163,11,30.46,47.21,False
c21f9968-fbe5-407d-8610-1743ab91b386,36,2,150,2,9.51,56.48,False
ff92b67b-5552-41bf-b71c-fec847f87034,273,210,141,10,29.13,6.57,True
5029607e-64cf-4d96-9498-5d97a8a607ee,65,231,183,39,14.71,77.55,False
d8797072-c9e6-4cd2-a3c6-b6700f499330,66,353,84,44,25.29,45.33,False
a326ebec-3f72-4bec-bf1f-78c9e5ad3c5c,244,305,98,29,25.34,52.44,False
879d1441-4d1f-4450-83e9-216f4c4d4a48,282,241,153,3,21.43,44.08,False
b7b6dad9-8a8d-40db-a247-4d391fffd7a1,85,150,136,9,3.61,40.08,False
34c087c2-6602-412f-bcd3-c05f71e12fef,136,17,76,5,33.41,55.96,True
230d9f83-af98-4d70-98e1-f50e73fbc63d,271,119,117,16,12.83,15.52,False
0e5cc20b-d8a1-49a5-8a5c-2cf9375103d8,217,148,130,50,7.46,18.19,False
27777c0e-d3d9-401a-8027-04154e29c4c6,109,362,155,42,1.63,86.18,True
9ec57279-5df2-4635-b626-a0332dae92ee,277,145,111,24,23.64,94.61,False
bf3b4150-d3a5-433a-8d91-cc24981a3834,103,360,26,24,27.1,37.33,True
37d0f6ab-b047-4b94-ab24-44e0452045d9,160,441,180,25,0.66,27.07,True
c1724564-2d36-4341-84e4-b85e360991ab,205,233,30,37,20.48,64.4,False
17ea370f-2074-4851-a5fc-07177d0cd781,192,37,168,3,9.06,40.87,True
e8b05d7c-adf8-4d44-947c-38729bd7d6ce,225,352,167,39,25.81,2.54,False
64af1362-29e8-42d4-a202-9d185fe0b4f2,265,120,197,10,6.97,15.62,True
64cb273a-d0ab-4af2-aeef-705bf34a70bf,232,474,142,44,27.64,71.6,False
1473f1f2-1dbd-41a7-84b5-139a7da421e0,62,136,185,29,15.47,65.89,False
aef070b3-7268-48e2-ad00-40b6a8fb9c7f,127,404,56,24,37.47,2.71,True
82ed2fdb-0263-4916-8d2b-f704c5ae0fb7,116,406,111,24,5.5,22.2,False
3213eaaa-d36b-4d2f-8026-5e076bea23ec,33,321,116,29,13.64,23.11,True
97a75ce2-97f2-420f-9728-a9d086779196,174,302,59,49,4.54,67.19,False
0f9faf14-3e72-460e-adb2-5b6b11f52fa7,11,339,106,5,36.99,1.97,True
039be6ff-ca31-4a6e-a2ec-cef9a3c18837,284,412,87,37,35.09,10.41,False
0c2c9a00-0ca9-420a-b11a-1d63904de179,118,479,117,9,10.32,79.99,True
91b7a8d4-1b3e-4323-8850-2d5c2e8f9203,113,102,103,34,26.4,17.85,False
b1c4dfff-7b81-4daf-b2d9-dec28feb891d,4,218,107,24,32.69,65.27,False
0e65b5c5-4814-4257-a2da-a2ae86287004,37,59,187,26,22.21,23.82,True
6cc07536-7ff7-4047-93ee-9aa0209a92a2,31,279,25,21,21.19,9.94,True
56a803b9-5bca-40d7-bb4e-2e95ec2e4e52,118,116,81,42,9.67,24.32,True
24d86f28-aacf-4609-af2c-a0c340473df6,35,332,110,18,3.72,72.23,False
ba9e99fc-d22c-4a25-8687-828dbe453f52,17,77,81,16,35.89,85.57,False
8c7f2478-5671-48c2-a064-649124828af3,170,466,171,8,36.02,83.02,True
2c386ee9-e8d2-4b7d-b687-28b922eadd32,37,137,66,2,25.32,39.72,True
3536fc81-0b99-45e9-a7b5-a54a1bdc3a12,264,424,96,48,13.56,66.81,True
d90a6680-e11d-4ef2-b3a7-4f7213db2b67,122,73,40,12,13.97,20.5,True
2a7a8a9c-e29c-43ae-9842-6aa6a5c01f0f,143,37,176,32,29.04,29.31,False
df675d8c-5b29-4028-86e8-fd982d52891b,249,31,122,34,35.88,89.63,True
1ccb45db-9191-436e-b34e-392c3745a7e9,110,85,18,25,35.48,1.3,False
3b61ac2f-4e94-4ae7-b163-67026707b6a5,277,406,24,36,31.2,8.55,False
a6b67f4c-aa84-446a-8091-61ab43cb929d,68,158,22,8,25.68,20.79,True
f60b981d-66ea-47a8-b8e1-75da232e5079,293,305,24,17,3.37,2.65,True
d2338996-e847-4b50-a7de-5ef8e9b73aa8,296,384,111,50,6.47,18.14,True
c2d29d0f-098d-41e7-ac2c-c81cda422f1c,243,423,25,17,35.94,58.3,True
aafe2002-fc18-42bc-bb56-448bbcb0be25,125,292,191,46,24.26,42.14,False
38994ad7-d5e0-40bf-a496-eeef1c5b081e,243,472,190,29,0.37,89.27,True
8e74ec49-0230-4e89-9469-c0704b73584c,209,148,96,14,4.06,81.74,True
7342ed56-0db7-4cc1-8696-f2356a66f569,98,225,34,40,26.54,34.18,False
3c83c946-c081-40ba-9f30-4be25898d175,49,64,143,19,0.2,25.94,True
1a67aeb7-b679-4f03-99f5-adb52e1152e9,50,240,16,45,6.43,37.97,False
67b3c58d-ec6a-46dd-9d97-75c91c40f7e4,221,353,151,32,21.95,59.03,False
3a7ffe8d-0e95-417e-9d5a-6f688eb7af32,182,156,144,13,27.68,26.81,False
9290def8-7a7f-40e3-b01d-3a358e354346,217,359,144,8,26.08,62.41,False
ff032412-8a14-4ddd-b5c0-b40434be39da,211,207,85,9,8.97,40.94,False
a7bbbf73-29fd-4d28-87b6-014d8d368210,240,483,172,5,28.49,55.2,False
f30dacd1-7f7b-41b6-9fea-c9a19b94808b,28,140,32,29,9.49,43.61,False
2b60d86e-fbcb-4e64-994b-b03ccc4ec56a,51,257,106,12,13.02,29.45,False
cfb59caa-9d3d-4284-8230-9a77031f77e9,32,277,91,46,29.86,94.85,False
d5f76d82-0c9d-4662-b6a8-aa9d7766821c,207,253,171,29,25.99,76.36,False
2a0365ce-391a-4d83-84ed-a978d32ce09f,174,225,193,6,33.97,14.01,True
4e3c8a2d-22b8-4a09-8c3c-fe585490aec5,56,42,109,44,26.3,86.85,False
43f9c378-d640-469c-962d-c860c789b703,128,307,185,21,22.73,48.74,False
74d6e557-8940-4400-a49c-013b1bed0aa5,99,21,14,43,3.75,89.46,True
72c2d6aa-0b7c-43cd-861d-93872864092d,98,456,74,23,14.71,79.99,False
7cc54c2f-6989-40c6-8768-d2f250e830a3,275,222,154,46,10.61,42.52,False
7929b71d-2677-427b-bea9-0acc134c2be6,230,377,80,5,9.76,2.25,False
a8a64528-a665-4d6a-98f9-e4a9cbe0615e,72,166,91,36,38.92,26.87,True
b20b8bea-2a02-4d96-a58e-5682c02ae5f6,217,310,27,35,15.72,54.16,True
57f9c655-4246-4a74-9966-04ac5b9e9105,94,129,148,19,35.68,63.35,True
81bb8246-91f2-42a8-9eda-b662fbe19b7c,143,14,130,20,25.25,25.79,True
cff73dfc-ca34-4f68-b36c-8dd98f12fe49,237,47,55,11,31.79,13.94,False
0e9273f5-1e03-4ba1-9242-03ca721954bc,128,118,40,46,20.11,83.49,False
300d32e0-6686-4a73-b2c5-d84c194a5a50,39,493,169,46,23.08,98.44,False
11b553c3-a14a-4b39-9d43-721e6dc9889c,227,346,124,45,19.7,52.57,True
d0d59887-5296-43a6-a0f4-b325a9e9ae6b,282,429,58,41,7.81,17.17,True
73227c32-f030-4309-9ded-1ae615d4755a,51,441,28,12,28.9,27.23,False
45098a3e-ce8f-439a-94bc-1ed44c77e0a1,26,295,90,24,11.23,1.84,True
9e67281f-6003-4068-a1b8-5279c1519b23,277,301,143,33,0.97,91.43,False
62f2b9e4-56ea-47f0-9c83-662c6fc14f55,8,487,95,15,25.82,11.78,True
2ee2cb35-f806-497e-841b-564cc62c6fbd,48,11,30,8,7.08,57.65,False
5508a16a-6363-43ba-b05f-6fb40ccc77af,122,392,196,13,37.62,27.41,False
b3ba5e35-a372-459c-8155-272322025bb2,86,345,72,9,38.16,55.42,False
b6c5f9f0-7c86-48de-87de-2f1fb7efcb5a,209,421,147,16,36.59,65.14,False
272a620f-adbc-4917-a2a5-201ecafc48d9,249,138,58,32,14.81,82.97,False
6542cffd-b80b-438e-b4e6-650e33dc40cc,247,296,110,2,0.62,20.64,False
38eebccd-b0c1-40c6-a2eb-e885cd31c6d9,110,21,144,24,37.13,1.1,True
ae9b4b52-993a-4b83-b0e5-6a324905b186,206,391,197,36,17.13,13.69,False
e5fed312-0b40-472f-a563-4944d45587de,31,388,160,37,38.67,90.0,True
aff8ef6e-5582-44c9-8ed8-5d35fb131916,85,90,158,24,38.54,87.39,True
32b080db-54a9-471b-88e3-3f3747b3bd70,195,241,173,30,34.12,59.74,False
1c045e08-caf5-4782-93a9-31a42e93abe6,2,266,165,36,11.78,60.05,True
836e835b-0d81-4c01-9111-1286f2eab499,200,334,143,9,15.4,66.5,True
7de76493-7180-4d8c-925c-a43518138e5b,136,227,7,40,34.05,17.54,True
fc6d5d0e-4402-4b6e-b9e5-309c11ff7a47,233,470,156,6,12.68,91.44,True
1d2ae7f5-671c-4fd0-b420-9cf7224a2f13,147,143,169,5,6.78,41.88,True
83e48fe6-49c9-4e23-a09a-45100b600b4b,217,93,178,20,22.27,38.31,True
198f6f77-84eb-4b87-89cc-c3bf7aabff11,285,300,69,26,37.45,51.89,False
e95698a5-e687-42be-a048-e50282021f05,250,224,8,46,27.84,4.7,True
18c6984c-99cc-472d-ae4b-6ebf3eb77f0d,80,326,47,47,22.8,16.63,True
2a9a9651-c547-4376-bd24-c6e989711542,98,417,70,31,3.89,73.8,True
4003ff24-dfd3-4169-a00d-e27bf9fab218,152,252,180,34,24.6,8.28,True
a424f4e0-2020-4486-bc68-28e0ec6594b5,112,497,196,27,39.6,60.32,True
79befd3f-c65b-486b-9f83-08496cd1875a,30,47,80,50,5.6,24.53,True
8fd8bee3-9153-4322-a980-f67bddc0f734,297,241,87,27,20.73,38.93,False
aec90d35-9df8-44e2-b473-e1ee61a0a3a7,278,179,90,37,35.09,28.87,False
1b5d3075-58ab-48da-a857-eb386bef9613,32,210,2,5,29.63,35.57,True
47eb13cb-9ded-44cc-b9d0-7c272f6451a7,161,171,47,9,27.88,71.9,False
3f6c249a-a9c1-42cc-9a00-f09c221bbe4f,30,165,37,21,28.1,29.71,False
67127676-b1f8-4cc1-9b1e-47f09dded2dd,26,344,145,42,14.38,56.64,True
eb8bafef-19ca-4341-95fa-cd00b0d3b5d9,300,54,169,5,11.74,47.61,True
b572bd3a-4efe-47ff-a2f7-d59bcd1609ca,245,440,103,29,32.37,66.37,False
1b5bee74-d0f0-4ada-85a0-aece0f6b2a1f,258,83,18,30,32.4,93.68,True
93679718-58d1-4d59-b18d-b4880f5877ce,272,169,37,44,34.68,73.26,True
c780348b-395b-4f37-9c8d-7b0b86d73624,81,211,190,34,36.53,21.49,False
c1ff5f15-e169-4599-9b25-ae1c468ac57a,30,356,163,23,20.45,3.12,False
09a50f23-3d5f-484c-ac98-280409dc403a,261,254,8,9,20.06,26.23,True
91868103-f344-49e1-96ea-2a23a3decf39,42,148,24,50,31.93,59.51,False
9ac97bcb-4a34-4118-b49e-04fff8fbb27e,96,340,192,36,26.0,5.14,True
5074af73-34a5-41d3-b2a6-c85389e1ed98,36,484,136,41,28.08,49.64,True
3274b856-317a-458a-b602-c5c0245339c4,35,206,56,38,31.83,59.68,True
d30cbddb-1528-456d-b9a8-782fc899bf3b,121,417,97,12,35.6,33.42,True
6931e2fa-03d9-4291-8924-b2cdd08c39de,207,390,108,50,13.52,77.09,True
b0e85971-36d9-491b-aec9-08d58927cac6,62,282,117,9,15.02,10.66,True
24688d0c-41fc-44aa-865a-f1d44c00d422,292,19,88,28,3.76,7.51,False
f3847db4-fe44-4c89-9a57-13bc420741f3,127,233,41,33,23.13,72.82,False
b20444cb-3e24-4068-b235-fbb5a8e8e370,297,46,95,4,1.44,49.55,False
a562087b-32c5-4873-a3e4-1642c8f8761b,21,162,80,8,18.62,68.84,False
04230c1e-bc91-4455-aaa4-cd7482811681,42,130,185,34,21.71,43.48,True
b1843049-6b1a-4e4f-8484-d2d8f299981a,215,166,84,10,11.46,24.64,False
9dbd0714-8a75-4e6f-9e76-8afd3786b47e,299,60,199,20,23.63,81.91,False
f5bed3d7-e272-492f-a3dd-1c333f0a35e7,290,497,146,11,1.22,79.94,False
c2b6ba58-6898-49b2-a4ce-fac6674e0ab1,268,396,153,11,1.49,69.47,True
085efdfa-06a4-4cc2-84c6-36762926ac2c,162,207,22,21,32.9,27.21,True
740935c4-81bb-44b8-9074-056a00bceb88,134,443,14,46,14.41,59.02,False
ced9a4c8-9279-4c23-8b70-d02c81057856,105,264,40,15,5.08,36.1,True
37a45e0c-8473-4e32-9f06-29c8e5aa5b90,161,423,41,23,20.89,9.16,True
bd834bcf-c6aa-4951-8bcf-964a3fe00899,123,1,194,34,30.8,91.73,True
61499d47-77e9-4b3b-b1e5-b9f55aa4aa18,136,337,159,19,8.63,13.68,False
3bf181c0-4679-4e0e-83dd-12a45a1b711d,203,446,13,6,24.92,95.02,False
e5894bc3-bacb-4218-84cc-09c59c4d1884,68,278,173,17,3.41,44.6,False
433e5348-f06b-4c3b-97d2-23e2fee2e873,154,237,21,13,2.07,18.51,False
916b5f2a-6694-40d7-a69d-e6a0ec3d018b,235,212,70,41,21.25,54.19,True
df9e2e8d-2b73-4c2c-9ce4-5605e683962d,162,28,114,36,21.63,87.29,True
9db19b65-7d68-4d07-8d44-f12d021b1158,38,97,170,18,25.5,73.22,True
bdb85026-e130-44e5-92f0-c253cc0a0460,5,266,109,9,29.04,80.66,True
8eff0bd1-2511-4e63-b72c-cf231351449e,235,186,125,41,39.03,65.88,False
a01095dc-7c07-4617-9613-0088853701a5,289,319,156,20,20.65,69.23,False
8c23f87b-eae6-42d6-8383-b45c9c84cd91,52,388,114,40,12.92,84.92,False
63b89899-390e-48b9-b7a0-e8a257a714bc,38,256,107,35,31.81,24.97,True
b3dbeecc-2565-49cf-b662-9432b5bdd2cb,276,321,70,6,10.83,48.94,True
12f5a331-66d1-41e0-9d5a-1620c658357a,110,227,56,33,17.56,22.12,True
c030b57c-c117-4c5b-b955-a13075c423f6,260,390,194,42,3.14,98.77,True
f11f9cab-9c0c-40e0-a67e-2381edd559d3,136,27,132,11,1.01,94.41,False
110567f7-b968-4cb3-98e4-7728ed8255a7,68,105,30,38,38.51,3.94,False
d2003d45-851e-4cc4-b7a7-917470fda7b3,179,137,89,38,33.44,70.56,True
aa7f37d3-09da-49ae-a612-4afd2751b259,36,282,111,10,27.84,92.52,True
8b6f846e-c2cb-4691-99fd-dbef62484a1b,126,68,29,11,16.36,18.06,False
2dd420c9-0529-442b-adf4-01cb5bf1288c,190,475,73,43,6.93,56.79,True
c51a7a9c-0b75-43e0-b23a-47bc8cedd8c4,146,148,174,40,6.26,91.55,True
0230dcce-2736-4ee1-af56-4d477f23ab9a,81,225,174,47,10.01,3.39,False
59de8e97-8d5c-46b6-be46-2ade2f3c1cfe,225,451,152,39,21.97,69.74,True
2cd866ac-9103-4392-bfd9-0918fdd724c3,279,358,125,22,28.58,29.73,True
a3a480c1-f675-4573-9710-c37c87c8db27,155,249,135,37,26.41,92.44,True
dde31235-6c85-4919-a235-b17e56e4d4a3,271,63,171,3,11.2,97.11,False
76ef8d05-7b4a-43a8-8bfd-733120ebd882,5,15,79,2,38.19,94.43,True
e08c6982-066d-4b4b-af9e-6a2a9133f885,284,499,12,6,29.52,47.42,False
d5ef4e37-eb9d-4bae-847e-7f89c97905bc,154,323,57,3,22.17,86.2,True
366e66e3-f430-470c-92aa-6f61dbfa5800,54,312,102,42,24.47,84.45,True
e465fe48-4283-4b2f-8940-06d66264f07b,69,410,154,50,16.78,31.91,False
01e0c0cc-7b28-4ff0-bfff-58ba4d739382,136,123,15,37,9.91,82.89,False
4e0723a0-1305-4cf6-8e0e-257ffab61452,60,364,2,17,14.24,3.7,False
42df6b6b-dc47-4413-8bd4-8ea9521b1d95,55,82,53,42,30.31,59.63,True
c6db22da-0c91-4985-b039-940404d44658,284,160,78,14,0.58,23.0,True
7f5addc9-9308-4784-9210-becf33356b71,80,283,55,50,4.64,12.06,False
0e3ad608-983c-4093-a73f-78a960165ed8,140,8,197,37,1.84,7.7,True
20021c64-3fbd-4904-a395-071a30058f17,145,283,36,27,1.63,69.63,True
62a6ba2a-5405-4100-8559-865bca91c4a5,108,209,196,40,34.22,33.99,False
be3d7fb1-7c6a-49fd-9c22-7107bcaa2262,176,48,66,41,28.15,72.48,True
73c0a92b-7252-4472-8a43-2d284863d015,105,116,75,2,18.97,6.54,True
8f6905dd-fe88-4713-b3a1-97ec78613bb3,136,431,84,32,3.91,31.53,False
70425860-7eed-4883-84d6-4f23dddd52f9,259,468,31,41,19.66,53.95,False
840514b7-19e4-47ce-a131-e2353377acf5,251,59,2,35,18.94,79.07,False
b18ac9d6-da60-4d4f-b6e6-2731ae7c484c,129,237,128,19,6.93,31.88,True
562900df-32dd-4de3-9678-ce152e380e74,27,485,192,42,17.35,62.59,False
796f390a-766c-471c-9af0-d6d03c578989,48,61,111,20,15.94,88.6,False
a8d04050-da8d-414c-8eec-2386a07fdc74,217,332,45,31,24.63,61.59,False
fafaa2a9-600d-4438-9766-e20dec4d56de,142,427,34,16,25.4,23.3,True
fe7ecf2b-71cf-4176-bb04-682449a75ee0,23,79,98,44,1.81,2.44,False
87002a16-4a4b-4944-ac04-867ea5c30447,2,256,137,26,14.98,87.01,False
6780fdf8-2af6-4d68-bbfd-e478ea1ae4c3,171,478,181,20,25.03,2.13,False
1102d696-bb7a-4db1-be8e-12e10c67c31a,67,367,59,30,20.13,87.47,True
352be02d-67ee-4b6c-a74a-74a1aef230a1,135,150,129,5,34.26,52.89,False
dde936b2-0cf0-4a60-be37-1d8224309476,83,261,144,45,26.35,93.91,True
a97ce2e6-4a31-4423-8391-328f19e7f506,227,362,172,4,6.52,79.88,False
3ed499cc-f742-4fb3-8735-717cf4e64c99,283,140,91,11,2.82,99.79,True
9ee6dd89-be66-48e3-8d45-6fd24ca789b7,219,213,19,29,25.7,35.07,True
db3bc8c6-409d-46f2-a9b4-7c63c8799bc0,288,428,102,27,1.06,76.72,True
fed33bc7-61ef-4cd6-9b6f-1ad07f59ca14,5,248,190,31,23.43,40.19,False
c4eea125-e11d-479c-a916-0ff30b07ff26,58,242,11,30,37.61,47.99,True
2bd869a8-a85b-492e-9a3f-bb928633ec5c,39,125,112,14,23.02,62.75,False
2961cdfa-0702-4fea-9e60-110ac59bed67,77,234,5,22,15.53,87.37,True
7a62ba61-8146-4634-9295-7c985cb7af9b,280,283,118,39,25.73,98.41,False
bf13510f-43e1-4422-8193-f9072a01343b,19,75,20,10,18.33,76.83,False
1e1af11d-0b4b-4083-abf9-c12082f6d2df,190,197,81,21,21.82,41.78,False
30f227e2-7c23-4c7f-93b7-c4a7851feb46,299,98,148,46,37.66,42.14,True
2ab5b043-d77e-463f-a36f-1d0322300572,283,472,110,21,15.44,73.76,True
601eea24-73f3-413e-a4ab-57aa356472a1,76,307,147,47,38.45,23.88,True
48d7292c-d360-4cc3-b2ce-a6521c74e3a0,221,261,104,23,36.21,11.05,False
a581b23e-e676-4301-b2da-b1235a57674a,66,383,182,26,7.83,35.46,False
b4404092-bd52-47ac-ae71-107fe9ed3476,22,451,164,9,2.77,28.72,False
217e6f53-8cd7-4a2a-9d28-25d4863a11e7,158,70,107,49,4.03,29.63,False
84c2605d-71af-4a25-b0b8-34aaa72d6849,187,443,75,24,0.73,23.36,True
5512baae-6a3f-439d-8323-4df9007d1494,21,36,30,33,3.78,4.21,True
7c01b13c-c73b-4017-94c8-d1be2cf9c75d,184,142,104,36,27.32,1.79,True
fce17c57-8b22-4de0-b89a-e8a7bcc67e4f,108,396,6,7,2.85,98.77,True
1a2b8063-0ed5-4576-a5f1-6ead28c9827a,128,405,84,21,12.76,42.78,False
66f65cec-988b-4d5b-93e3-c9f2e3e38286,53,438,44,16,33.8,38.43,False
54939e86-75b8-4dfe-8d37-7607340c098b,182,213,159,30,0.93,67.96,False
769c865e-bbfd-4c28-acf9-46bf5e90b2bb,287,175,118,8,32.58,21.83,True
405aad19-6ae6-4b30-a6e5-2d5b9feff0d0,209,479,177,18,11.27,95.0,True
3645af71-4c88-4cb1-8c14-002a839f971e,80,404,93,29,4.73,78.63,True
8a15aba0-3fc8-4ae3-9d98-f0ae1c657a28,122,260,23,16,27.87,8.94,False
b69c114a-ae8d-439d-8f7e-97a51feae155,84,137,112,10,25.16,41.76,True
16e8754e-4d63-4552-b7c0-28a63eaecf8c,91,421,28,7,35.1,87.91,False
a39b7540-102c-4477-ab40-f58bfd1cb2c4,212,2,63,4,29.4,94.47,False
1e013020-4cf4-4e6b-b483-97db27dee8fb,13,145,112,19,32.14,46.74,True
9e3384c5-b0a9-43f9-a709-20f98acfd573,92,372,151,25,11.28,61.34,False
63cbd89c-ed78-4579-89e6-e9265b3ef2ea,171,153,103,40,7.1,16.7,False
06d16b48-1242-4bac-923c-34f1b87534e9,211,429,135,27,30.02,99.12,False
7c1cf754-c440-4257-a7f2-520eae5832ad,128,301,21,16,32.27,23.17,True
f1337330-53ba-4155-9621-5d48aca149d3,137,297,102,11,39.62,94.27,True
abffdc9d-265c-47d6-b168-4e8ac2dbf940,82,338,80,21,16.5,64.96,True
f197ac8d-5bbf-4334-a556-5413a4947668,56,251,191,37,14.88,60.77,False
7fac88e4-a5ab-4bbe-a382-89b481be2b27,196,444,87,47,31.06,51.27,True
31a0593e-c6c5-4b2e-8c24-527065e3fdeb,20,77,57,21,13.63,23.07,True
cd340386-3ec1-4b93-b636-5d9b5a149e44,241,229,86,13,37.23,17.65,False
b17f468d-3946-4746-a466-95a2ff1f6647,114,276,200,49,34.34,22.05,False
e150ae6a-decb-45e9-8eea-8f6d9e2119cd,103,248,44,11,17.16,18.64,False
05936f38-656e-4de5-936c-54c3591d4007,236,177,20,32,30.03,77.96,False
66acaaec-28b8-4bea-abdc-16f28a40e65f,180,171,131,33,30.18,35.01,True
3facdc76-b54a-4f76-b4da-1e22b5cc8b1a,157,283,163,30,4.12,5.78,True
b27a7493-e993-432c-86da-52a69cd1e399,117,391,30,32,36.1,96.91,True
51fe0a87-9966-4d53-940c-123e2e7f4cba,115,279,136,20,20.21,88.38,False
71d2c0e0-0a09-4ccf-91e6-27ee239a2217,13,194,131,32,33.06,92.78,False
313763f9-cdac-4bb2-941a-8c04f2c2e093,99,234,50,2,12.8,99.49,False
6513b8a5-230f-4e62-bd29-439fc0fd9829,205,478,199,6,35.82,17.39,False
de61615b-20fc-4ed9-9b8b-d8ade9bcbea6,169,165,90,26,15.57,39.62,False
fce789e6-b673-40f6-9e84-14e454851b34,143,446,90,33,0.43,75.82,True
e24b0135-588b-40e3-91b5-82f000cd5cc1,36,97,187,30,36.22,69.6,False
7283ad13-0a4e-4a8f-8454-a68a47a18a2d,143,358,166,16,3.65,15.39,False
795f00ad-3fa5-4032-929b-e238cae9a218,180,123,38,14,12.77,81.58,True
56dd11bd-e893-488b-96a4-fbbe9f485dee,261,293,61,38,38.0,22.44,False
def6e4c8-ebc4-4191-b350-385476f86546,205,197,27,23,38.02,22.38,True
3df6f613-e692-4fa1-9ee3-7dbd8052100a,275,120,38,4,22.94,53.7,False
5ce41be5-6e41-4e9d-a325-8c27c8029cc7,170,439,66,4,25.27,59.29,True
9f5e0948-c04e-4716-8d3f-0aa2cec2b450,15,398,51,19,17.94,58.01,True
ec723047-1e18-4aab-b3b6-ffeb1973bb68,60,211,45,32,11.73,9.15,False
c5104c25-2a3a-402d-9539-ecab98ab707a,134,23,155,39,13.15,87.75,True
986bb34b-bece-47f9-92bf-59f044d63bb9,92,163,40,42,26.9,26.56,False
1b8ffae7-6df1-4f7e-b7e3-df2dd7d3b89f,298,382,195,44,30.09,12.95,False
c7b04138-c794-49d3-9da1-b3e7e2f94ad6,136,243,195,31,31.66,88.87,False
8f77248f-b650-4637-8fc6-a5851ded8da8,20,362,168,19,31.58,95.57,False
29203772-1182-469b-ab45-1b1a28bb292c,56,468,20,35,3.65,86.21,False
090a9762-b142-4f74-9052-7f0ee8a7305d,223,416,46,1,19.78,80.95,False
454f0706-f933-4c0e-b986-ca107167ef93,177,196,198,7,2.3,65.52,False
6c6772de-2644-42bc-9acd-41775beca728,161,198,161,28,21.98,55.09,True
7f5b1a5a-1ba9-4a40-ab30-ba81b117a7f8,224,340,127,9,17.66,8.7,False
32d29fc3-ee3d-43c3-a342-3b51cb8920cf,262,406,119,17,35.51,40.85,False
3202150c-0359-46ce-b638-4b974d6f642b,60,421,194,47,14.04,37.27,True
fa79fa90-649c-4266-b324-4e2068c233ae,198,334,145,24,4.68,25.98,False
b7bdb6d3-b87d-4049-88cb-47b475144e91,296,78,195,49,5.72,72.34,False
30c785d3-11e9-474f-9352-58a77baa4fdc,98,254,149,26,30.46,49.59,True
7cea091d-2b7b-43dc-8bd7-b808720b770c,131,494,115,24,24.73,8.1,False
6a53049f-1f4d-44a5-8f5a-fce72d7b9b9d,23,19,175,3,4.04,22.02,False
aa646f7e-f7ea-463d-8d6b-d12a2f981971,224,65,145,26,3.36,68.33,False
ab253ada-8af7-472b-a939-2fdb3a474b12,1,258,165,4,28.04,7.61,False
3f85f757-5433-40b0-9baa-3a1395919d06,267,495,163,37,2.91,85.12,True
cc916619-e406-401a-bacf-e6c1cc9214f9,276,303,160,36,32.87,49.51,False
2840b321-3cdd-47e8-ad66-c758399e5459,101,170,83,13,28.25,48.06,False
f178d4c3-ef52-4b82-9607-5d017a23a023,187,446,161,24,3.25,59.24,False
08db0389-5307-4c3a-8a0a-6f73d29a134b,221,52,81,36,3.39,82.47,False
e09366d4-d2d5-4ad0-8807-40531b906813,36,448,39,19,39.47,34.78,False
d262e4c6-88c1-4ebb-95f6-0fa71492fbe9,170,433,113,5,14.97,67.8,True
97a9f114-03ee-4929-a0ef-205aa777752b,161,226,18,25,14.83,56.57,True
8590c587-383f-4507-9f48-7cbea100520f,64,52,121,33,32.51,26.7,True
cd317276-c647-4acc-b563-8b1cb649c1e2,154,270,114,29,37.89,87.86,True
98e7ba0c-259d-4142-a9aa-adf86ff4a370,260,467,162,49,39.44,79.74,False
53e17811-a415-4d53-bfce-cf640c24ecdb,159,234,78,36,30.14,65.85,True
9befa611-0e76-437e-8989-c18eb7dd82fa,210,8,71,18,15.05,85.06,False
81cc7a92-23b6-4cce-9a5c-edca6366ea02,168,370,152,40,3.34,86.73,False
c2fe3031-fb2f-423f-b0b6-59b10069e3cc,207,74,15,44,31.09,70.84,True
15fc3df2-c686-4ff2-9407-a0e78b5343a0,152,210,91,40,22.34,83.7,False
ac62f5af-f448-4819-807f-67ff5a44e16b,284,446,130,8,16.97,69.75,False
310c1e96-d3d4-431f-885e-aef3a336fde8,66,336,19,9,36.25,68.01,True
10e7f43a-d663-4e10-8488-408945300bdf,99,497,80,7,4.45,61.86,False
2224a168-cc35-4fc2-b96e-272b105571e5,216,80,119,26,19.71,75.27,True
706a7047-103b-4a14-880d-8acdb4fee48e,195,39,116,24,0.45,15.86,False
558efd27-fc87-433c-8cd1-dfc20bf0a4e3,90,241,10,22,18.75,88.09,True
11c02875-91ca-4673-b291-0a5bdfe51b0f,292,401,15,36,2.25,87.18,False
f0cd9328-e3e7-4b1e-9cec-0ac525c9ff21,155,497,95,24,4.75,2.92,False
7d014e40-4253-4965-b81b-ac68ddc5274c,208,136,74,49,4.7,82.58,True
0fd1b873-531c-46a1-86b2-80fff5787ad7,281,174,20,10,25.97,12.89,False
984c1ee9-50ae-4e1c-8879-8d6bcb29cd77,1,320,166,13,29.84,33.51,False
05193a29-29a4-4be7-89e6-766f1003a847,156,355,24,39,23.33,74.35,False
04ada0ab-8ee9-4af3-9780-9448c0ac7c2b,147,204,158,33,38.49,16.08,False
e216a00e-32bb-4ca1-ab5e-dca66b92bb21,108,333,153,26,14.99,81.8,True
7769929d-f095-4227-93b6-f641ad856592,221,42,130,33,11.43,83.21,False
d49b3166-f49b-4d42-956e-35cba62aca29,297,437,99,3,34.74,50.75,True
db041387-4678-4421-bc1c-09063ced2629,165,169,119,3,8.94,0.64,True
4401d370-092c-4ef2-a069-81a90e77848f,239,437,149,3,38.53,28.7,True
382b57b3-f8d0-4848-b668-bce08d987ff5,227,346,142,9,0.49,61.69,False
fd43f1fa-d943-4de6-b0cf-241ba44d2a58,227,440,190,46,38.8,98.12,True
71ddf414-2c67-4421-a3eb-945963c12de9,110,274,11,22,1.73,63.18,True
6065d865-71fb-48f7-b986-c2a082014d3d,262,195,116,31,35.65,25.98,False
2eaeedf2-ac90-417a-b29b-3ce30e3a9310,243,489,147,34,21.11,63.4,False
d96e910f-a673-4f97-8c0b-31cde6744baa,87,163,167,30,39.72,54.0,False
4247b875-cf0f-477b-9cf8-5822d12096e0,44,321,49,10,2.95,77.98,True
67e86efb-51cb-45cc-b56e-693cb5f8c1bb,146,368,83,39,22.15,10.7,True
5899416c-1fd6-4bba-8b92-dcf379fafea1,264,455,155,33,38.77,76.1,True
7edee731-08ac-49f9-b172-809bea763bd3,172,389,122,9,20.92,54.13,False
fbbed8f8-86cf-4c93-8f34-cc6f869f0e9d,48,250,129,21,25.18,96.3,True
aba59d2c-9e67-472f-8e52-c79dd13f4ecd,121,447,39,40,27.83,34.19,True
988c5588-a2c1-4d6c-a08f-803b41be080c,159,278,16,21,18.18,63.26,False
a63a96cd-0910-4182-b1e1-64bba7cf055d,116,19,116,11,25.1,93.2,False
6d519c9f-a501-4e53-a2b3-b75dfdd9b3d2,102,317,27,26,23.37,10.25,False
ce5f25bb-e72d-476f-93c2-0d134a3033a7,76,36,88,40,36.05,93.72,False
2d66f1c9-6b16-4c54-9c0d-e98c5b884d1f,13,121,183,48,1.82,68.79,True
fb291daf-8448-4b30-a4b0-87162855d412,24,324,22,20,11.24,6.78,False
37330015-8111-4161-963e-a1485a326dee,126,351,130,38,38.02,30.1,True
b209e457-dc69-4ed4-bb79-00b42a5b19a4,244,472,166,22,35.61,70.82,False
4dca8af7-7b12-49ea-98c4-9c7c0bb05c4f,38,148,45,33,18.23,6.74,True
6d90eefd-2f3a-4e2a-aba8-f6eea622b0e1,234,117,11,33,24.81,58.22,False
9f4eecb7-c947-403a-b10b-0c563764e8e8,213,383,64,35,11.1,34.59,False
cda50209-38dc-4276-87fc-c56f4dae873d,295,47,182,32,7.52,62.09,True
dbbb217e-4d94-448a-8189-0d159098c9b2,100,223,113,46,18.55,4.57,True
2842b98e-3297-4e59-9289-90a6966ae7ed,197,51,113,37,14.13,87.15,True
e8485fbb-a179-4ee5-bb0a-4e435200e1fb,254,390,135,20,23.35,97.35,False
cf91cf98-60ea-457d-8ea5-6823b95bebeb,205,325,134,31,3.11,96.89,False
2cb7ad97-70dd-427e-b8ab-321fdc72e5eb,125,361,157,2,38.98,74.97,False
55983a6f-71f8-4905-83e9-2cb9700ee5c2,76,447,41,24,39.45,13.01,False
b6783e1c-670a-4024-a872-a55352f9d47a,3,52,94,22,27.93,75.83,True
586c4be0-b756-439e-946d-c241d700b3b1,55,228,96,44,21.44,2.46,False
db6a1069-da87-49cf-ac1f-f4212d2b7fcd,218,86,73,8,12.38,2.21,False
62278fdf-53f7-461d-bd23-1ccd10e52b80,113,356,100,27,32.55,32.36,False
99944db7-e0fa-4291-8a3b-ffd062f1642c,91,154,105,38,27.39,48.86,True
3b660338-d7e4-4c73-903e-8504a36ea9c4,266,463,199,20,6.5,77.04,False
3ed016a9-e99e-4af7-a261-c3e287fc9cab,238,15,87,47,36.44,68.33,False
6f6f5a27-e2d9-483f-a78b-4fd60ebf6e31,26,24,174,45,32.9,44.59,False
80834ddb-bad0-4ef9-a1e3-c89aeba03fb9,286,167,154,41,37.99,27.36,True
cd283a18-7f32-441b-8dd2-17c387ef4406,128,408,14,2,29.03,99.71,False
de0ccb50-e7ea-45ea-941b-9cf8717de4ae,63,29,162,39,24.54,42.62,True
73d35df2-1755-4426-8fd6-7e2eb9c1e836,234,151,166,31,16.73,45.14,True
9b1ab258-517b-4cc2-8656-d916009a23ed,69,184,86,17,37.31,16.36,True
b2f233a1-e49f-4f8f-96b6-71cf6a31081a,238,192,17,42,34.64,79.48,False
6ce57fb2-f799-4441-b05e-eccdb29814da,272,221,85,50,1.81,69.37,True
4c8852ee-79f3-418a-9249-52121c7e5800,287,75,25,38,1.05,22.08,True
2ccd22aa-72bd-4c3b-8c3e-6828b1b4b280,163,126,143,37,15.06,8.24,True
446d8b53-3ec5-4767-b3dc-59a2ef96a4dd,227,272,174,15,32.42,68.05,True
36d04def-a0ba-4510-9fea-20ca15c87fa7,259,211,99,47,39.49,65.45,True
e0c9ad5e-b463-471f-8ce4-fdc100fa3f71,219,290,73,4,6.02,27.33,False
b66055d4-8fd2-4951-9479-8d3f351adc86,281,350,65,38,23.77,95.09,False
2238ecba-881a-4ef5-8a3e-d48cd6ebbfb8,229,406,186,31,15.24,15.11,False
14f653db-ebf9-46ff-9a64-47e70073fced,82,93,169,11,38.8,43.23,True
c584a84f-0462-4603-a8e0-7cb499a802b6,244,88,155,34,33.68,94.36,False
51728716-865e-4607-8fa9-ec195b57d054,231,90,39,41,33.53,41.97,True
87ed7462-ce8c-4fd3-9846-09e0edf4f2bb,133,41,86,47,18.75,63.85,True
702996ff-9f9c-44fd-ad8e-20289cda2ac2,127,313,21,40,16.59,39.76,False
9bf7256b-e5d0-4447-894c-1d76012f1b82,142,446,150,50,10.94,27.42,False
b82b3abe-51b3-4b61-9b33-dbfde5a1c32c,267,196,170,25,2.26,98.4,True
cebbac9e-3ca9-45c0-ac6a-5f642984fe3b,249,318,37,10,34.59,40.93,True
85e5080b-ff16-45e4-8e29-f3910a7700d9,123,350,90,44,32.52,89.41,False
fb1a41fc-7bef-4c53-9804-f4464a817e49,141,124,80,16,39.99,23.0,False
ea4a38dc-6467-4da8-a820-b24bc706a080,226,255,168,3,39.87,21.31,False
f71b1d06-e4e4-465c-b450-c333d9447623,40,468,179,37,22.22,3.11,True
6ac3b9c9-1180-4f34-98a0-92b6ff877779,147,299,170,45,30.76,65.17,True
12dbd3b4-e0ff-4718-b7b8-0eaacfc2d11c,121,74,101,8,37.79,36.85,True
ef904af9-70b4-49c5-ba9f-382b3cf584d2,140,119,34,13,33.99,86.44,False
c6a92a99-32a3-49c3-888e-c7cd302f734a,172,237,153,2,9.89,47.32,True
b38e314f-fe72-4bf8-b18a-faff06899023,164,327,182,29,18.02,96.82,True
ed576772-f889-4730-95ac-d1b350d95ec9,277,131,22,21,5.17,18.55,True
96d7c6d8-e72f-4a47-ba3c-cd071546f138,42,236,80,27,38.16,86.86,False
51435ab8-322f-436d-a867-419bcdca2e0a,71,131,144,10,24.25,77.66,False
6e82aabc-b1b7-44fa-9a68-12ef7e1546e0,78,342,97,27,9.15,77.09,True
dbde9e78-1aa2-4a88-a0c3-7789f21616ad,119,5,165,45,26.87,84.48,False
09e1bab6-68b4-48a3-9aa1-fb8ec88e5f46,197,461,85,14,24.73,76.1,True
3a1618fd-f85a-42d3-acdf-58137d8467bc,79,412,33,27,14.33,62.62,False
72b165c7-a38d-4553-ba39-7698ac05adbe,110,239,172,33,4.54,13.12,False
39b19a2c-b65c-456f-b880-da495db0715c,33,462,180,50,26.86,3.25,False
ac23228e-694a-4a84-993b-07b4d738e7eb,213,148,190,40,20.81,92.08,False
5d42417f-dc13-4cae-bff3-45e8263cdbc8,209,347,176,31,30.89,61.67,False
5cd52b59-dd26-4a87-ae73-1c145c32686b,170,280,135,48,20.81,79.65,True
4fa2a895-697a-44d9-95c7-f2277f6765d4,278,81,24,47,34.09,48.15,False
51d919fb-c126-4dd0-acbf-d1d07f248937,239,38,166,4,22.08,11.73,False
9ee1fe55-8417-422e-a58b-b83039b97f6d,213,227,172,46,22.44,12.52,False
3361ad73-8f2b-476c-855a-55c56456dfe0,32,484,109,9,35.07,68.56,True
e4d660e9-2078-427b-a369-6915ac0edeb6,106,177,131,34,16.14,43.03,False
7566f9fe-d500-4661-b4c8-5f2f1ae79f82,216,301,93,14,5.36,20.05,True
da273159-2dd5-4daf-837d-6c14020c0d83,200,154,5,36,1.15,49.16,True
2846a6ea-ba5f-4509-ae65-e0e695f81ef0,300,328,93,21,30.21,6.42,False
04fd03af-9ccb-4c1f-a79e-f3ba4d12df87,11,493,80,43,24.81,58.2,True
c9d907c7-faec-4fa2-a241-55b82e8bff6e,295,218,47,31,28.16,26.9,True
51e5d204-834c-49d9-b833-e439bad27c25,195,354,55,34,8.52,79.76,False
49bbd50c-034c-4d5f-9ce1-ba679fd74449,245,129,88,25,5.45,31.04,True
7410b32e-a36f-4fe6-9c26-a3c7c1a662d7,4,234,197,21,0.58,45.52,True
2810101d-a722-41fa-b08b-87cc3e1844b5,181,433,125,12,14.02,1.16,False
5ecf835e-3bde-4fce-9c41-7f3407c91a79,153,155,50,30,23.6,7.24,True
5caff067-e8cd-4413-9668-f4135d9a92ce,200,102,58,35,15.69,39.25,False
f894c14e-d4c1-4840-a4a1-f0520d2154f2,215,197,36,22,17.5,47.99,False
d0e2f902-f26e-4410-9eda-a2974d1634f7,276,437,40,35,36.17,60.0,True
42ec504a-2948-48cc-97f5-a97a4a67ec07,280,248,20,23,13.93,29.17,False
ff791bca-3d81-4b07-87d4-b8983631fd69,113,55,76,44,20.56,69.5,False
13057d77-2a71-4f27-afe9-6fd6b1f48c49,250,122,26,50,31.35,86.01,True
5ecefcb8-639a-44de-9132-aa67cd29e8c7,113,196,130,47,15.86,77.99,False
c41ec60a-b88f-4c2d-981b-708091f308a5,140,293,198,44,24.88,3.96,True
00e9fbc7-9ea6-49ac-8665-07a8147a1e13,224,184,139,42,34.49,48.05,True
169b3740-41e9-4d7d-8cdf-540c8c59665a,249,295,190,45,37.98,10.49,False
88fd478a-7e62-4efc-821d-765bc74ecd90,15,152,135,17,5.88,24.2,False
ee4feabc-6d85-4ffe-becf-6315dbb1ccb5,200,359,10,40,37.06,98.67,True
3892101e-1aa5-480b-aac0-76824b04f3ef,173,152,170,31,19.68,14.25,True
986d376b-321c-49d4-a774-a70590a840e3,208,12,87,13,10.33,49.89,False
e4decf3a-7724-4c37-8a0e-c414a553a192,85,425,197,16,18.37,61.82,False
3ad04b80-0369-4627-87de-b7c4889d157b,240,338,159,18,39.2,70.25,True
77154fdf-9be1-4f29-be4e-8c74817c4c2d,66,203,34,36,19.7,55.96,False
71071ba2-bd82-4695-a66f-10e61e71ffdb,274,141,153,20,13.15,0.98,True
96197635-86a0-4f19-af53-b18c429ef231,14,5,97,15,25.34,32.65,False
46f2e39e-7f26-4830-b1c2-60268c9dde63,202,290,40,20,9.61,51.77,True
eb03b6e7-03ce-42d0-bc43-43e9dcdb43fb,289,443,42,50,3.03,8.79,True
316d20ca-ef0c-4273-aea1-05a4d7d63a7a,14,352,47,19,5.16,35.06,False
66ee0886-938a-4144-9943-f002bd83fd21,43,399,178,46,5.12,3.32,False
c54c408e-45e3-48f3-88c6-a81dc0c1eb49,220,382,198,14,6.08,7.86,False
1cb0ec68-eaf6-4038-8fc7-c5de674f7ad0,70,499,160,45,5.55,39.69,False
91df0467-e01d-4794-ab32-205cc51f19c3,237,26,43,46,25.63,13.27,False
c68ff4f3-d57e-4092-a7b6-fefdccc8c97f,94,467,185,32,7.28,56.75,False
8457a03f-900c-4005-aa8c-5a67ea7c5fd7,26,311,113,21,13.83,68.95,False
43610ac3-0318-4448-a290-f7a27c9e2e0c,134,382,12,31,35.87,80.06,True
6f28a114-115e-4647-957b-3703a54bad10,195,255,106,23,18.96,20.02,True
c597a757-2c9a-473a-b554-748d1b1a1f75,168,427,94,36,26.7,16.75,True
7f0161f5-5ce3-40e1-b28f-b4f2f2b455f5,109,463,174,47,6.89,10.46,True
34160d0f-083f-4665-8815-087f30702b9c,233,463,185,18,7.69,63.64,False
0264734e-6273-4312-bee2-3b6e76b22b38,168,147,61,19,1.63,70.65,True
eb83682e-528a-4379-8e4d-549631da2d8b,173,398,114,8,6.76,3.16,False
e7bf06e9-78ea-45ad-b5fc-0acd25628a1f,195,410,157,37,11.14,93.62,True
bd339fa9-dd43-4ba0-8442-b203c643f096,143,118,73,44,7.08,5.2,False
82240a66-df15-4a0e-bc56-f54b184a7516,216,311,193,35,3.55,54.13,True
2d2e1668-0f53-465e-b8f5-3ce23a10f87a,130,411,192,25,4.83,70.91,False
4ce1a465-4a88-4376-975b-cd030b5abba9,42,181,115,26,18.43,87.1,False
fe6ba2ba-6ccc-4415-a732-e3eae7cc2bb0,241,113,60,23,8.25,71.41,True
c7df0027-c72a-4e27-ab08-0435b08e2810,10,326,137,50,14.57,80.17,True
9651ec23-9d50-4c9c-83c3-5029acb6706f,277,98,62,10,20.14,33.95,False
680dcf8c-eb50-4932-b536-7b59a12e331d,27,318,80,19,27.62,81.48,False
2e6295b2-65c2-4d2d-996a-b1a8a6eeaea9,180,129,121,3,1.57,8.01,True
5e9cb139-ef74-40e7-9abf-5fcdb4aaaab2,115,348,50,19,31.98,89.48,False
a8e65740-6112-478f-84b8-6be03a8f7ecc,36,387,95,46,25.12,54.76,True
d4500f3c-d554-4237-ac4e-0da625eda5c5,21,370,174,6,3.27,81.73,False
bd4a1a83-ebdc-453a-8deb-f25194f43d05,16,393,147,23,34.94,45.23,True
dc4cf2a7-cba2-4c91-9ef3-a63fccebc296,127,338,113,29,36.83,64.36,True
afed2189-449d-4154-9d75-ef3740b9e6b4,103,349,119,42,2.44,52.64,False
f366b8f2-9a52-4566-bc48-e2111bad656c,11,430,197,17,11.08,73.16,True
55fc5067-ab78-42b9-8f61-83b586954d77,79,71,73,48,32.25,8.16,False
705819ec-7afb-4e18-9e4a-f78b1051d98d,123,322,200,31,29.93,6.04,False
a8a23a24-9e87-49b0-92ad-aadc5a1c2c60,65,50,98,14,7.38,24.71,False
a70b6ccb-f9f2-484a-ba35-3e3f0769aa0f,243,463,129,13,8.37,15.95,True
081000a3-1071-44ed-a4a1-608cb996aa76,59,322,136,35,14.82,87.18,False
ef3db5da-e9aa-4d16-8f1a-f3328f5f4d1c,289,331,108,18,19.38,21.92,True
9ecb40dd-e68e-4abf-9433-26b6f720e38f,112,21,42,36,24.73,97.59,True
56dc82fb-548f-4503-b67a-cb5997e12aef,239,159,52,45,14.76,33.69,True
152e272f-b1aa-455d-a179-1a28d16e9dd8,132,404,155,18,18.5,18.21,False
56264a2f-54d8-49b7-971c-43c588ebc788,189,226,36,9,29.9,78.97,False
3e4fa590-3a8f-48ff-9294-9b55aae1cab3,86,18,65,7,1.47,65.87,True
524df0e8-a6dd-4bb9-ab84-fb28d5fd74b5,59,297,14,40,10.1,49.82,True
5b60c062-6eb7-4734-9e9d-98fb885d5946,84,187,165,48,28.53,55.54,True
0f9668d2-2be2-40b2-8ca5-a2365c26c77e,160,375,124,38,35.81,71.92,True
3d910984-5f36-4b8f-b81e-77636d2b492b,56,68,96,16,20.47,22.85,True
b3d3d717-23bd-4925-8fef-5a201f2789da,297,47,142,16,21.28,99.63,False
89001e82-c3c0-45de-b5cd-d4e8ae49f50c,14,466,27,4,4.29,97.48,False
9c94b6b0-ae26-454b-8057-9d584bf7fe1c,160,152,183,43,17.9,65.03,True
4bbc76ea-d3a2-471d-9fca-b9263718364c,295,168,133,34,21.3,19.95,False
4d0cdbf5-d8e9-429e-9429-ffe16778e5a7,193,383,32,15,9.7,68.02,False
af945ff6-90da-45fe-a4c0-551005975e03,204,213,73,41,10.77,7.22,False
04943ee1-6d74-4dc3-a887-42996ee19d6d,102,90,22,15,15.09,3.07,False
d7e39dc8-e3c8-4626-a3c2-ab30392e62ed,39,103,196,4,0.8,25.77,True
54c6c800-21a8-43f2-989c-50a2c78cc698,125,68,42,7,12.88,46.26,True
15563279-2b34-43b6-872e-b86ee5436472,53,403,70,27,8.46,86.83,False
95e1e399-960e-4efb-8e29-8c4ba8644803,155,277,116,22,13.1,72.72,True
67b680db-b051-44ed-9731-6c1fb23907f8,62,449,132,46,4.79,74.27,False
9e0e87bc-ec7a-4f21-ab28-3e3b479e9c32,290,498,38,31,35.62,42.55,True
c1c48120-640b-4711-b70a-0cc028f1408b,22,188,112,7,23.74,34.59,True
b45124f4-05cf-4cc1-9bdf-523bff338910,178,272,24,44,27.16,37.1,True
dc906324-1855-411d-bf32-4b3b676fd386,273,257,57,50,31.57,98.76,True
5b6770b8-9c46-44a0-b639-53913b090f6e,220,468,116,9,19.94,4.01,False
a79f6974-3616-4e46-a890-d5cee770ca25,190,140,90,1,3.48,86.7,True
07c9c655-4445-4860-bba9-cfda67ef46c8,36,426,7,36,21.48,57.87,False
d2511046-5d8d-444f-9783-e521d117a959,260,85,107,11,23.47,43.86,False
2b648e68-43fc-4411-a6e3-45505ddb0222,175,132,14,27,29.82,72.53,True
45c046fd-4081-49e6-867c-e8e9fc601319,7,468,102,42,17.27,48.67,False
016f5baa-716d-4b2e-b1b7-6b5ef329204e,216,423,129,31,5.1,87.34,False
ca216362-6d33-4afb-9f02-b7255b3075b5,251,484,96,31,11.35,90.07,False
67a2164b-ecb4-4831-8ac9-c5ac2dd5977a,55,247,61,42,14.52,42.17,False
64b89716-3702-4d6a-ade2-b836dd883e75,222,496,99,13,25.84,27.68,True
5de910ad-a0ab-4b3a-b5fd-f6b20ba9ff62,186,413,21,49,22.83,59.24,True
30419176-eed2-4cff-a950-b80c930ecd58,236,152,96,19,14.24,91.24,False
86472111-886e-4a3c-8b22-7158d0efa0d6,79,383,58,21,39.46,21.07,False
4ea35198-3540-4f70-a4f6-960fae26185e,223,446,8,19,24.23,62.3,False
7b178c87-8779-458d-9430-9e51d6095332,91,174,82,42,9.49,63.16,False
62b039b0-84cf-4225-b925-cdd079f4ae39,268,412,26,4,4.07,73.31,False
a050100f-2026-4d21-9ada-13439e376111,139,59,183,50,6.11,13.16,False
ea2c0397-ad25-406d-9302-da385459c2d3,276,240,167,6,9.84,71.58,True
404720fd-0b09-4d82-b79c-6611a069b685,248,494,86,42,6.43,90.9,True
914ecfca-9261-4729-832e-7dde9ceb78b6,239,39,38,37,7.46,17.97,False
705e5441-c714-476b-ab32-b2444551ec84,224,73,36,15,11.4,23.75,False
ed3d7fa7-e0f7-4238-87ad-c4ec79484d0b,138,387,10,35,6.93,97.14,True
44853765-2339-419d-b114-c46422ed7eed,166,495,74,48,35.87,18.1,False
921165f0-20b8-4bce-8b16-e1d1985ab785,126,116,121,47,3.21,85.44,True
21848ed6-f9e4-4c89-a921-de3f8611acd0,45,441,179,3,20.98,49.23,False
e49f6789-7536-490c-bf55-ce7bd4a7e63f,143,347,36,12,16.42,24.72,True
906f095c-c3fe-442a-a4c1-83edb0aadbcf,231,371,195,27,39.3,87.07,False
bbcf49d9-936a-4aea-963d-ca1f7052a8f7,125,346,181,12,4.48,44.53,False
14d268d4-d865-4007-bb65-dd646f9d8977,238,204,121,3,15.91,51.48,False
46db0263-830d-43ac-9362-176ff58472e6,292,496,115,26,38.78,35.92,False
ea23d662-d28c-4942-b8fb-1f1869a940e2,195,434,158,32,34.62,59.3,False
5b24a647-c717-4bef-b052-940674113956,173,412,2,12,32.68,16.35,True
f706f188-026c-441e-86b3-6fd149c82ac0,15,286,21,48,10.32,39.11,False
d0ac5909-2d8f-40c8-91a6-6e466e789ab1,254,188,5,19,6.84,96.94,False
1947e5a9-24bd-4f96-8102-e4bf8a91b6e0,167,47,66,3,26.75,25.81,True
4e1ec5c2-a947-48bc-959e-5ba45a24a772,94,405,56,1,37.18,65.67,True
37751475-12fd-4958-9302-499bec81bc2a,250,203,39,20,22.27,32.52,True
7be5813c-81cb-408e-b808-0aebf8380ab0,109,8,141,37,22.86,77.35,False
e7f1f87b-24d6-4df2-94da-c50f9e7b139a,182,136,187,39,11.2,13.09,True
13091760-09f1-41bf-8e6a-5c1287347da9,133,275,156,7,30.78,96.98,True
f2b19207-48d5-41c3-8a0e-ebff94447c41,175,64,136,22,7.48,45.38,True
542ab312-a610-4f8d-8cad-189bafbd8c2f,144,233,109,19,12.95,23.61,False
64637284-88c9-4bbd-8bf0-8bc2ee780c5a,142,189,29,30,17.02,7.35,False
763b2507-91a5-4b3c-bc36-068354ce8081,285,345,199,42,20.3,16.98,True
917039e5-8815-40ff-83fb-ec7c729caebf,6,384,74,35,9.7,51.98,False
09ff5f7e-2482-4ef8-b131-34690dcbddc0,265,345,61,34,4.59,33.7,True
ebc62922-bffc-4403-9257-9a19411b04c0,98,135,78,32,24.42,82.89,True
ba18f1b4-9473-40f0-a16e-363dd13a4e3a,44,300,32,9,11.55,43.09,False
f51c3785-c023-4c11-b56c-f1325a0d9e21,124,196,13,33,23.25,24.87,True
dfdb2cb1-7598-4404-978d-2bb2e93d590a,209,422,62,30,6.17,61.71,False
7146bb71-827a-4bd8-94d0-f6f1ce4975ca,251,327,108,18,19.25,70.68,True
